date,title,source,link,contents
2021.05.09.,마이데이터 하고픈 BNK…제재 피해 핀테크 협업우회,머니투데이,http://news.mt.co.kr/mtview.php?no=2021050616034732464,"(본인신용정보관리업) 사업 심사를 받을 것이라는 전망이 나온다. 인허가를 앞둔 지방은행들도 당국의 규제... JB금융그룹, DGB금융그룹 자회사 은행들은 마이데이터 사업 2차 인허가와 그 이후 사업 추진 등에 대한..."
2021.05.11.,[더벨][한국씨티은행 철수]통매각 결정에 좁혀진 인수후보군,더벨,http://www.thebell.co.kr/front/free/contents/news/article_view.asp?key=202105101323443280109096,"KB금융, 신한금융, DGB금융 등 여력이 큰 규모의 금융지주 정도가 인수 의사를 표할 수 있을 것이란 전망이다.... OK금융은 OK저축은행, OK캐피탈, OK신용정보, 아프로파이낸셜대부, OK F&amp;I대부, OK데이터시스템 등 계열사를..."
2021.05.11.,[2021 한국금융미래포럼] [전문] 허과현 한국금융신문 회장 개회사,한국금융신문,http://www.fntimes.com/html/view.php?ud=2021051114345516580d260cda75_18,"그리고 한국신용정보원 신현준 사장님, 한국기업데이터 이호동 사장님, 하나캐피탈 윤규선 사장님과 DGB캐피탈 서정동 사장님도 자리를 함께 하셨습니다. 어려운 시간을 내주신 금융업계 기관장 여러분께 다시 한번..."
2021.05.11.,[2021 한국금융미래포럼] 은성수 위원장·금융지주 회장·금융협회장 포럼 전...,한국금융신문,http://www.fntimes.com/html/view.php?ud=2021051115015254758a55064dd1_18,"이날 행사에는 나재철 금융투자협회장, 김광수 은행연합회장, 이윤배 화재보험협회 이사장, 서정동 DGB캐피탈 대표, 윤규선 하나캐피탈 대표, 이명호 예탁결제원 사장, 임승보 대부금융협회 회장, 신현준 신용정보원..."
2021.05.12.,마이데이터·종지업·인터넷전문은행…지방은행 '위기냐 기회냐',전자신문언론사 선정,http://www.etnews.com/20210512000101,본허가 사업자 선정을 앞둔 마이데이터(본인신용정보관리업)를 시작으로 종합지급결제사업 시장 개화... DGB금융그룹 계열 대구은행도 예비허가 신청을 접수했다. 최근 지방 금융지주는 인터넷전문은행 진출에도 관심을...
2021.05.14.,DGB금융 창립 10년…자산규모 3배 가까이 성장,연합뉴스,http://yna.kr/AKR20210513119100053?did=1195m,"출범 당시 대구은행, 대구신용정보, 카드넷(현 DGB유페이) 등 3개 자회사를 두고 출발한 DGB금융은 현재 자회사를 9개로 늘려 매머드 지방 금융그룹으로 성장했다. 33조8천억원에 불과했던 그룹 총자산은..."
2021.05.16.,상권 분석·경영 컨설팅까지... 자영업자 돕기 팔걷은 은행권,시장경제신문,http://www.meconomynews.com/news/articleView.html?idxno=53481,"신한은행, 월 3억건 거래 빅데이터로 상권분석 BC·하나, '마이태그' 활용해 '지역 상권 활성화' DGB대구은행... 신한카드 개인사업자신용정보(CB) 마이크레딧이 보유한 280만개 가맹점 정보, 월평균 3억건 이상 빅데이터를..."
2021.05.16.,"닻 올린 김태오 2기 체제 ··· DGB금융, 100년 기업 초석 다진다",서울경제,https://www.sedaily.com/NewsView/22MDTKW4ED,"그 결과 대구은행, 대구신용정보, DGB유페이(옛 카드넷) 등 출범 당시 3개에 불과했던 자회사는 현재 DGB생명·캐피탈·자산운용·신용정보·데이터시스템, 하이투자증권 등 9개로 늘었다. 지난 2015년 DGB생명(옛..."
2021.05.17.,대구은행 디지털 채널 혁신 선봉 'IM뱅크'의 이유있는 성장,영남일보,https://www.yeongnam.com/web/view.php?key=20210516010001734,'IM직장인 간편신용대출'은 국민건강보험공단 등 외부기관을 통해 재직·소득 정보만 확인할 수 있으면 최대 1억8천만원까지 신청할 수 있다. 'DGB쓰담쓰담 간편대출'은 프리랜서·사업자·주부 등을 대상으로 본인 명의...
2021.05.17.,"창립 10주년 DGB금융, 자산 90조 눈앞...비은행 확대 성과",디지털타임스,http://www.dt.co.kr/contents.html?article_no=2021051702109963048005&ref=naver,출범 당시 대구은행·대구신용정보·카드넷(DGB유페이) 3개에 불과했던 계열사는 현재 하이투자증권·DGB생명·DGB캐피탈·DGB자산운용·DGB데이터시스템·수림창업투자까지 9개로 늘었다. 2015년 우리아비바생명...
2021.05.17.,"DGB금융그룹, 지주 10주년 창립기념식 '온택트'로 열다",국제뉴스,http://www.gukjenews.com/news/articleView.html?idxno=2225401,임효택 DGB신용정보 대표.(사진제공=DGB금융그룹) 백운용 기자 = DGB금융그룹(회장 김태오)은 17일 대구은행 제2본점에서 전 임직원이 참여하는 '온택트(On-Tact)'로 10주년 창립기념식을 개최했다. 온택트는 코로나19...
2021.05.17.,"[뉴스‘까’페] ‘이자 장사로는 한계’…지방금융, ‘비은행 날개’ 달고 한...",SBS Biz,https://biz.sbs.co.kr/article_hub/20000015842?division=NAVER,"출범 당시 대구은행, 대구신용정보, DGB유페이(옛 카드넷) 등 3개에 불과했던 자회사는 현재 DGB생명·캐피탈·자산운용·신용정보·데이터시스템, 하이투자증권 등 9개로 늘었습니다. 그룹 총자산은 89조6천억원으로..."
2021.05.17.,"김태오 DGB금융 회장 ""'One DGB'로 그룹 시너지 역량 강화""",쿠키뉴스,http://www.kukinews.com/newsView/kuk202105170314,"임효택 DGB신용정보 대표가 100년 도약을 향해 화이팅을 외치고 있다. (DGB금융그룹 제공) 2021.05.17 김태오 DGB금융그룹 회장은 17일 창립 10주년 기념식에서 그룹 시너지 역량 강화를 주문하면서 ""중장기 전략과 ESG..."
2021.05.18.,"10돌 맞은 DGB금융 ""ESG경영으로 '100년 그룹' 만들 것""",시장경제신문,http://www.meconomynews.com/news/articleView.html?idxno=53532,"임효택 DGB신용정보 대표. 사진=DGB금융그룹 제공 창사 10년만에 종합금융 '위용'...'비은행·해외공략' 투트랙 2011년 5월 3개 자회사에 총자산 33조7,000억원으로 출범한 DGB금융그룹은 최근 하이투자증권과..."
2021.05.18.,[CEO돋보기] 'DGB금융 10주년' 새삼 주목받는 김태오 회장의 경영 노하우,팍스경제TV,http://www.paxetv.com/news/articleView.html?idxno=117363,"출범 당시에는 대구은행, 대구신용정보, 카드넷(현 DGB유페이) 등 3개 자회사를 두고 출발했다. 지금은 DGB생명·캐피탈·자산운용·신용정보·데이터시스템, 하이투자증권 등 자회사를 9개로 늘렸다. 2015년 DGB생명(옛..."
2021.05.18.,‘One DGB' 꺼낸 DGB금융 “중장기 전략·ESG경영 추진”,미디어펜,http://www.mediapen.com/news/view/628927,"임효택 DGB신용정보 대표. / 사진=DGB금융그룹 제공 사내방송과 공식 유튜브 ‘dgb프렌즈’ 채널에서 생중계된 이날 기념식은 그룹 10주년 기념영상 및 축하인사, 수림창업투자 신규 계열사 편입식, 더 디그니티(THE..."
2021.05.19.,코로나로 더 힘든 지방은행도 '인뱅' 기웃,매일일보,http://www.m-i.kr/news/articleView.html?idxno=830362,"BNK와 DGB, JB 등 3대 지방금융지주가 인터넷전문은행 설립을 검토한다. 19일 은행연합회에 따르면 최근... 금융시장은 마이데이터(본인신용정보관리업)를 시작으로 종합지급결제사업 시장 개화, 인터넷전문은행 진출 등..."
2021.05.24.,"김태오 DGB금융, 110조 자산 목표 성장 가속화",한국금융신문,http://www.fntimes.com/html/view.php?ud=202105232113006159dd55077bc2_18,"대구은행, 대구신용정보, DGB유페이(옛 카드넷) 등 3개에 불과했던 자회사는 현재 9개로 늘었다. DGB금융은 2012년 메트로아시아캐피탈(현 DGB캐피탈)을 시작으로 2015년 DGB생명(옛 우리아비바생명), 2016년 DGB자산운용..."
2021.05.25.,"입지 좁아진 지방은행, ‘마이데이터’ 본허가 획득 사활",뉴스웨이,http://www.newsway.co.kr/news/view?tp=1&ud=2021052417505521530,"대구은행과 전북은행, 광주은행이 일제히 마이데이터(본인신용정보관리업) 사업에 출사표를 던졌다.... 25일 금융권에 따르면 DGB금융그룹 계열사 대구은행과 JB금융그룹의 전북·광주은행 등 주요 지방은행은 현재..."
2021.05.25.,코로나 역경 뚫고 웅비하는 라오스의 한국금융 [K-VINA 칼럼],한국경제TV,http://www.wowtv.co.kr/NewsCenter/News/Read?articleId=A202105250269&t=NN,DGB Lao Leasing이 2016년에 뛰어들었다. 45명의 현지 라오직원들과 호흡을 맞추느라 늦은 시간까지 술도... 어려운 점이야 어디든 있는 것이고 여기는 특히 개인이든 기업이든 신용정보가 없고 있어도 믿을 수가 없으며...
2021.05.26.,"4분기부터 카카오페이 교통 후불결제 가능 ... 금융위, 혁신금융서비스 3건 신...",파이낸셜뉴스,http://www.fnnews.com/news/202105261545203364,고객이 인증을 한 번만 하면 금융사나 핀테크가 보유한 개인신용정보를 마이데이터 사업자에게 전송하도록... 대형 신용카드 가맹점에서도 안면인식결제 단말기를 무상으로 제공할 수 있도록 했다. DGB대구은행의 안면인식...
2021.05.26.,모바일 후불형 교통카드 등 혁신금융서비스 3건 신규 지정,EBN,https://www.ebn.co.kr/news/view/1485097/?sc=Naver,오는 8월 출시예정인 이 서비스는 신용정보주체(개인)가 한 번의 인증으로 정보제공·이용자(금융회사... DGB대구은행의 안면인식기술 활용 비대면 실명확인 서비스는 접근매체 발급시에도 서비스를 이용할 수 있도록...
2021.05.26.,"금융위, 블록체인 증권거래 플랫폼 등 3건 혁신서비스 지정",아시아경제,https://view.asiae.co.kr/article/2021052616123664187,변경됐고 DGB대구은행의 '안면인식기술 활용 비대면 실명확인 서비스' 역시 지정내용 변경이 있었다. ▲인공지능 비재무 기반 중소기업 신용정보 제공 서비스 ▲신용카드 가맹점의 O2O거래를 위한 결제서비스 ▲온라인...
2021.05.26.,올해 4분기 카카오페이 후불교통카드 출시…혁신금융서비스 지정,SBS Biz,https://biz.sbs.co.kr/article_hub/20000016888?division=NAVER,개인신용정보를 마이데이터 사업자에게 전송하도록 요구하는 서비스입니다. 또 하반기 중 블록체인을... 대형 신용카드 가맹점에서도 단말기를 무상으로 제공할 수 있도록 했습니다. DGB대구은행의 안면인식 기반 비대면...
2021.05.26.,카카오페이 후불형 교통카드 4분기 출시…혁신금융 지정,연합뉴스,http://yna.kr/AKR20210526136400002?did=1195m,DGB대구은행의 비대면 실명확인 서비스도 지정내용이 일부 변경됐다. 금융위는 지속가능발전소의 인공지능 비재무 기반 중소기업 신용정보 제공 서비스 등 4건에 대해서는 혁신금융 지정기간을 연장했다.
2021.05.26.,"카카오페이, 월 15만원 한도 '후불형 교통카드' 출시…혁신금융서비스 지정",뉴시스,http://www.newsis.com/view/?id=NISX20210526_0001454387&cID=15001&pID=15000,서비스'는 신용정보주체(개인)가 인증 한 번만으로 정보제공·이용자등(금융회사·핀테크기업 등)이 보유한... 또DGB대구은행의 '안면인식기술 활용 비대면 실명확인 서비스'도접근매체 발급시 이 서비스를 이용할 수...
2021.05.26.,"카카오페이, '후불형 교통카드' 4분기에 출시한다",에너지경제,https://www.ekn.kr/web/view.php?key=20210526010005085,또 DGB대구은행의 비대면 실명확인 서비스도 지정내용이 일부 변경됐다. 금융위는 지속가능발전소의 인공지능(AI) 비재무 기반 중소기업 신용정보 제공 서비스 등 4건의 혁신금융 지정기간을 연장했다. 송두리 기자...
2021.05.26.,"금융위, 카카오페이 소액후불결제 등 3건 혁신금융서비스 지정",아시아투데이,https://www.asiatoday.co.kr/view.php?key=20210526010014234,"이를 통해 신용정보주체는 인증 한번 만으로 금융사, 핀테크 기업 등 정보제공·이용자가 보유한 개인신용... 대형신용카드가맹점에서도 안면인식결제 단말기를 무상으로 제공·설치할 수 있게 됐다.DGB대구은행의..."
2021.05.26.,하반기부터 카카오페이 후불결제로 지하철·버스 탄다,파이낸셜뉴스언론사 선정,http://www.fnnews.com/news/202105261725504682,이번에 선정된 통합인증서비스는 고객이 인증을 한 번만 하면 금융사나 핀테크가 보유한 개인신용정보를... 대형 신용카드 가맹점에서도 안면인식결제 단말기를 무상으로 제공할 수 있도록 했다. DGB대구은행의 안면인식...
2021.05.26.,블록체인 증권거래 플랫폼 등 3건 혁신금융서비스 지정,서울파이낸스,http://www.seoulfn.com/news/articleView.html?idxno=420740,"이밖에 신한카드의 '얼굴만으로 결제하는 안면인식결제 서비스', DGB대구은행의 '안면인식기술 활용 비대면 실명확인 서비스'의 지정내용 변경이 있었다. △인공지능 비재무 기반 중소기업 신용정보 제공 서비스..."
2021.05.26.,"금융위, 카카오페이 후불형 교통카드 포함 3건을 혁신금융으로 지정",비즈니스포스트,https://www.businesspost.co.kr/BP?command=article_view&num=233288,"DGB대구은행의 안면인식기술 활용 비대면 실명확인서비스도 서비스를 확대할 수 있도록 지정내용이 변경됐다. 인공지능 비재무 기반 중소기업 신용정보 제공서비스(지속가능발전소), 신용카드 가맹점의 O2O거래를 위한..."
2021.05.26.,카카오페이도 후불결제 진출…4분기 '후불형 교통카드' 출시,아이뉴스24,http://www.inews24.com/view/1370454,"개인이 인증 한번만 하면 금융사, 핀테크기업 등 정보제공·이용자등이 보유한 개인신용정보를 마이데이터... 대형신용카드가맹점에도 안면인식결제 단말기를 무상으로 제공·설치할 수 있도록 허용했다. DGB대구은행의..."
2021.05.26.,"금융위, 카카오페이 후불 교통카드 허용… 혁신금융 3건 지정",뉴데일리,http://biz.newdaily.co.kr/site/data/html/2021/05/26/2021052600201.html,DGB대구은행의 비대면 실명확인 서비스도 지정내용이 일부 변경됐다. 또 지속가능발전소의 인공지능 비재무 기반 중소기업 신용정보 제공 서비스 등 4건에 대해서는 혁신금융 지정기간을 연장했다. 금융위는 임기 만료된...
2021.05.26.,"카카오페이도 후불형 교통카드 출시…금융위, 혁신금융서비스 지정",데일리안,https://www.dailian.co.kr/news/view/995037/?sc=Naver,개인신용정보를 마이데이터 사업자에게 전송하도록 요구하는 통합인증 서비스가 가능해진다. 이외에 신한카드의 '얼굴만으로 결제하는 안면인식결제 서비스'에 대한 지정내용 및 부가조건이 변경됐고 DGB대구은행의...
2021.05.26.,카카오페이도 연내 후불결제 서비스,디지털타임스,http://www.dt.co.kr/contents.html?article_no=2021052602109963048006&ref=naver,"원활할 신용정보 전송요구권 행사와 마이데이터 산업 활성화 차원에서다. 아울러 사전에 지정된 신한카드의 안면인식결제 서비스는 테스트 차원에서 단말기를 무상으로 제공·설치할 수 있도록 했고, DGB대구은행의..."
2021.05.26.,금융위 3건 규제 특례 적용…‘카카오페이 후불형 교통카드 서비스’,NSP통신,http://www.nspna.com/news/?mode=view&newsid=504281,"신용정보주체(개인)가 인증 한 번 만으로 정보제공·이용자(금융회사, 핀테크 기업) 등이 보유한 개인신용... 대형 신용카드 가맹점에 안면인식결제 단말기를 무상으로 제공·설치할 수 있도록 허용했다. DGB대구은행의..."
2021.05.27.,카카오페이 후불형 교통카드 출시…혁신금융서비스 지정,세계일보,http://www.segye.com/content/html/2021/05/26/20210526517092.html?OutUrl=naver,DGB대구은행의 비대면 실명확인 서비스도 지정내용이 일부 변경됐다. 금융위는 지속가능발전소의 인공지능 비재무 기반 중소기업 신용정보 제공 서비스 등 4건에 대해서는 혁신금융 지정 기간을 연장했다.
2021.05.27.,"지방금융, 실적개선에도 웃지 못하는 이유",뉴스토마토,http://www.newstomato.com/ReadNews.aspx?no=1047282&inflow=N,"디지털금융 환경에 대응하기 위해 점포 구조조정은 물론, 본허가 사업자 선정을 앞둔 본인신용정보관리업... BNK금융과 DGB금융, JB금융 등 3대 지방금융지주는 최근 인터넷은행 진출과 관련한 의견을 은행연합회 측에..."
2021.06.02.,"DGB캐피탈 ""앞만 보고 달려온 10년…이젠 손을 마주잡을 때""",대한금융신문,http://www.kbanker.co.kr/news/articleView.html?idxno=98885,계열사간 기업금융 협의체인 CIB를 통한 공동투자 및 대구은행과 시너지 영업 확대와 함께 DGB데이터시스템과 협업해 디지털 분야의 역량을 높이고 DGB신용정보를 활용한 채권사후관리 등 전 분야에 걸친 시너지...
2021.06.04.,"[52주 최고가] 한일네트웍스 21.8%↑, 25개 종목 장중 신고가",아이투자,http://www.itooza.com/common/iview.php?no=2021060409583044257,"그 외 이니텍, 라온시큐어, 리더스 기술투자, SGA솔루션즈, HDC아이콘트롤스, 두산인프라코어, DGB금융지주, 형지엘리트, 고려신용정보, 우리금융지주, 빅솔론 등도 52주 최고가를 경신했다. 한편 같은 시각 레몬은..."
2021.06.04.,"지방은행 마이데이터 사활…""초개인화 자산관리""",EBN,https://www.ebn.co.kr/news/view/1486444/?sc=Naver,"DGB금융의 경우 대구은행과 하이투자증권이 마이데이터 사업의 추축이 되고 있다. 은행의 신용정보와 보험사의 고객 진료 정보, 증권사의 고객 투자 성향 등을 활용하면 제공할 수 있는 서비스가 다각화된다. . 당초..."
2021.06.04.,‘통’은 커녕 ‘부분’도…한국씨티은행 매각 오리무중 속사정,일요신문,https://ilyo.co.kr/?ac=article_view&entry_id=403253,"아울러 마이데이터(개인신용정보관리) 사업이 주목받는 상황에서, 다수 고객의 데이터를 보유한 씨티카드... 카드사, DGB금융그룹, OK금융그룹 등이다. 이 중 하나금융지주와 현대카드는 인수에 관심 없다는 공식 입장을..."
2021.06.08.,“적에서 동지로”… 핀테크에 손 내미는 보험사,머니S언론사 선정,http://moneys.mt.co.kr/news/mwView.php?no=2021060413318057274,마이데이터 사업이란 여러 금융회사에 흩어진 개인 신용 정보를 한 곳에 모아 활용하는 것으로 오는 8월부터... DGB생명도 올해 토스의 토스보험파트너와 업무제휴를 맺었다. 이에 따라 DGB생명 설계사들은 토스에서...
2021.06.08.,"DGB대구은행, 고객상담 AI 챗봇 ‘앤디(ND)’ 서비스 실시",이데일리,http://www.edaily.co.kr/news/newspath.asp?newsid=02387846629079752,"임성훈 DGB대구은행장이 8일 고객상담 챗봇 서비스 ‘앤디(ND)’ 서비스 개시를 알리고 있다. 대구은행 제공... 고객 개개인의 예·적금 만기일, 대출이자 납입일, 신용카드 결제일 정보 알림과 전체 금융자산 정보를..."
2021.06.08.,"대구은행, AI 챗봇 '앤디' 도입",전자신문,http://www.etnews.com/20210608000151,"DGB대구은행(행장 임성훈)은 인공지능(AI) 기반 고객상담 챗봇 서비스 '앤디(ND)' 개발을 마치고 서비스를... 특히 고객 개개인의 예·적금 만기일, 대출이자 납입일, 신용카드 결제일 정보 알림과 전체 금융자산 정보를..."
2021.06.08.,"DGB대구은행, 고객상담 AI 챗봇 ‘앤디(ND)’ 서비스 실시",쿠키뉴스,http://www.kukinews.com/newsView/kuk202106080137,"(DGB대구은행 제공) 2021.06.08 DGB대구은행은 언택트 시대 디지털 금융 변화에 따른 소비자 편의를 위해... 고객 개개인의 예·적금 만기일, 대출이자 납입일, 신용카드 결제일 정보 알림과 전체 금융자산 정보를 한눈에 볼 수..."
2021.06.08.,"DGB대구은행, 고객상담 AI 챗봇 '앤디(ND)' 서비스 실시",국제뉴스,http://www.gukjenews.com/news/articleView.html?idxno=2240144,"사진 좌: DGB 대구은행 상담챗봇 앤디 서비스 실시 임성훈 은행장(사진제공=DGB대구은행) DGB대구은행(은행장... 고객 개개인의 예·적금 만기일, 대출이자 납입일, 신용카드 결제일 정보 알림과 전체 금융자산 정보를..."
2021.06.08.,"DGB대구은행, 고객상담 AI 챗봇 앤디(ND) 서비스 실시",디지털데일리,http://www.ddaily.co.kr/news/article.html?no=215713,"DGB대구은행(은행장 임성훈)은 언택트 시대 디지털 금융 변화에 따른 소비자 편의를 위해 고객상담 챗봇... 고객 개개인의 예·적금 만기일, 대출이자 납입일, 신용카드 결제일 정보 알림과 전체 금융자산 정보를 한눈에..."
2021.06.08.,"대구은행, 고객상담 챗봇 ‘앤디(ND)’ 출시",서울경제,https://www.sedaily.com/NewsView/22NK1YTZRJ,"앤디에는 ‘New DGB’, ‘New Digital’의 머릿 글자 의미를 조합해 고객에게 새로운 디지털 서비스를 제공한다는 뜻도 담았다. 고객 개개인의 예·적금 만기일, 대출이자 납입일, 신용카드 결제일 정보 알림과 전체..."
2021.06.08.,"DGB대구은행, 고객상담 AI 챗봇 ‘앤디’ 서비스 실시",아시아경제,https://view.asiae.co.kr/article/2021060814281078442,"DGB대구은행은 언택트 시대 디지털 금융 변화에 따른 소비자 편의를 위해 고객상담 챗봇 서비스 ‘앤디(ND)... 또한 고객 개개인의 예·적금 만기일, 대출이자 납입일, 신용카드 결제일 정보 알림과 전체 금융자산 정보를..."
2021.06.08.,"DGB대구은행, AI 기반 상담 챗봇 ‘앤디’ 개발",뉴스웨이,http://www.newsway.co.kr/news/view?tp=1&ud=2021060814250801085,"DGB대구은행이 디지털 금융 변화에 따른 소비자 니즈를 반영해 상담 챗봇 ‘앤디(ND)’의 서비스를... 특히 대구은행은 소비자 개개인의 예·적금 만기일, 대출이자 납입일, 신용카드 결제일 정보 알림과 전체 금융자산..."
2021.06.08.,"DGB대구은행, 고객상담 AI 챗봇 앤디 서비스 실시",조세일보,http://www.joseilbo.com/news/news_read.php?uid=425430&class=51&grp=,"DGB대구은행은 언택트 시대 디지털 금융 변화에 따른 소비자 편의를 위해 고객상담 챗봇 서비스 앤디(ND)... 고객의 예·적금 만기일, 대출이자 납입일, 신용카드 결제일 정보 알림과 전체 금융자산 정보를 한눈에 볼 수..."
2021.06.08.,"DGB대구은행, 고객상담 AI 챗봇 '앤디(ND)' 서비스 실시",파이낸셜신문,http://www.efnews.co.kr/news/articleView.html?idxno=90378,"DGB대구은행은 언택트 시대 디지털 금융 변화에 따른 소비자 편의를 위해 고객상담 챗봇 서비스 '앤디(ND)... 고객 개개인의 예·적금 만기일, 대출이자 납입일, 신용카드 결제일 정보 알림과 전체 금융자산 정보를 한눈에..."
2021.06.08.,"DGB대구은행, 고객상담 AI 챗봇 '앤디(ND)' 서비스 실시",대한금융신문,http://www.kbanker.co.kr/news/articleView.html?idxno=99071,"DGB대구은행(은행장 임성훈)은 언택트 시대 디지털 금융 변화에 따른 소비자 편의를 위해 고객상담 챗봇... 고객 개개인의 예·적금 만기일, 대출이자 납입일, 신용카드 결제일 정보 알림과 전체 금융자산 정보를 한눈에..."
2021.06.08.,"DGB대구은행, 고객상담 AI 챗봇 앤디 선봬",서울파이낸스,http://www.seoulfn.com/news/articleView.html?idxno=421976,"앤디에는 'New DGB', 'New Digital'의 머릿 글자 의미를 조합해 고객에게 새로운 디지털 서비스를 제공한다는 뜻도 담았다. 고객 개개인의 예·적금 만기일, 대출이자 납입일, 신용카드 결제일 정보 알림과 전체 금융자산..."
2021.06.08.,"DGB대구은행, 고객상담 AI 챗봇 ‘앤디(ND)’ 서비스 실시",매일신문,https://news.imaeil.com/Economy/2021060814520895664,"DGB대구은행 고객 개개인에 맞춘 밀착 금융 비서 서비스도 적용했다. 고객별 예·적금 만기일, 대출이자 납입일, 신용카드 결제일 정보 알림과 전체 금융자산 정보를 한눈에 볼 수 있는 'MY자산 기능'을 제공해 추후..."
2021.06.08.,"DGB대구은행, 고객상담 AI 챗봇 ‘앤디’ 서비스 실시",신아일보,http://www.shinailbo.co.kr/news/articleView.html?idxno=1421159,"DGB대구은행은 언택트 시대 디지털 금융 변화에 따른 소비자 편의를 위해 고객상담 챗봇 서비스 ‘앤디(ND)... 고객 개개인의 예·적금 만기일, 대출이자 납입일, 신용카드 결제일 정보 알림과 전체 금융자산 정보를..."
2021.06.08.,"DGB대구은행, 고객상담 AI 챗봇 앤디(ND) 서비스 실시",뉴시스,http://www.newsis.com/view/?id=NISX20210608_0001469154&cID=10810&pID=10800,"DGB대구은행은 언택트 시대 디지털 금융 변화에 따른 소비자 편의를 위해 고객상담 챗봇 서비스 앤디(ND)... 고객 개개인의 예·적금 만기일, 대출이자 납입일, 신용카드 결제일 정보 알림과 전체 금융자산 정보를 한눈에..."
2021.06.08.,"DGB대구은행, 고객상담 AI 챗봇 ‘앤디’ 서비스 실시",미디어펜,http://www.mediapen.com/news/view/635090,"DGB대구은행은 언택트 시대 디지털 금융 변화에 따른 소비자 편의를 위해 고객상담 챗봇 서비스 ‘앤디(ND)... 납입일, 신용카드 결제일 정보 알림과 전체 금융자산 정보를 한눈에 볼 수 있는 ‘MY자산 기능’을 탑재해..."
2021.06.08.,"DGB대구은행, 고객상담 AI 챗봇 서비스 '앤디(ND)' 출시",이코노믹리뷰,https://www.econovill.com/news/articleView.html?idxno=535675,"DGB대구은행은 8일 언택트 시대 디지털 금융 변화에 따른 소비자 편의를 위해 고객상담 챗봇 서비스 '앤디(ND)... 이 서비스에서는 고객 개개인의 예·적금 만기일, 대출이자 납입일, 신용카드 결제일 정보 알림과 전체..."
2021.06.08.,"DGB대구은행, 고객상담 AI 챗봇 '앤디(ND)' 서비스 실시",시장경제신문,http://www.meconomynews.com/news/articleView.html?idxno=54261,"인공지능 대화형 뱅킹 서비스 [시장경제=양일국 기자] 사진=DGB대구은행 제공 DGB대구은행은 언택트 시대... 납입일, 신용카드 결제일 정보 알림과 전체 금융자산 정보를 한눈에 볼 수 있는 'MY자산 기능'을 제공한다. 이는..."
2021.06.08.,"DGB대구은행, 고객상담 AI 챗봇 ‘앤디(ND)’ 서비스 실시",시사뉴스,https://www.sisa-news.com/news/article.html?no=160316,"DGB대구은행(은행장 임성훈)은 언택트 시대 디지털 금융 변화에 따른 소비자 편의를 위해 고객상담 챗봇... 고객 개개인의 예·적금 만기일, 대출이자 납입일, 신용카드 결제일 정보 알림과 전체 금융자산 정보를..."
2021.06.08.,"DGB대구은행, 고객상담 챗봇 ‘앤디(ND)’ 출시",브레이크뉴스,http://www.breaknews.com/812197,"DGB대구은행(은행장 임성훈)이 언택트 시대 디지털 금융 변화에 따른 고객상담... 특히 고객 개개인의 예·적금 만기일, 대출이자 납입일, 신용카드 결제일 정보 알림과..."
2021.06.08.,"DGB대구은행, 고객상담 AI 챗봇 서비스 실시",영남일보,https://www.yeongnam.com/web/view.php?key=20210608010001096,"DGB대구은행이 비대면 고객상담 챗봇 서비스를 도입했다. 대구은행은 약 7개월 간의 준비 기간을 거쳐... 고객 개개인의 예·적금 만기일, 대출이자 납입일, 신용카드 결제일 정보 알림과 전체 금융자산 정보를 한눈에 볼..."
2021.06.08.,"DGB대구은행, 고객상담 AI 챗봇 ‘앤디’ 서비스 실시",NSP통신,http://www.nspna.com/news/?mode=view&newsid=506963,"은행권 최초 IM뱅크·모바일웹·인터넷 뱅킹 동시 서비스 최병수 기자, DGB대구은행(139130)은 언택트 시대... 고객 개개인의 예·적금 만기일, 대출이자 납입일, 신용카드 결제일 정보 알림과 전체 금융자산 정보를 한눈에..."
2021.06.08.,"DGB대구은행, 고객상담 AI 챗봇 '앤디(ND)' 서비스 실시",아시아투데이,https://www.asiatoday.co.kr/view.php?key=20210608010005049,"제시 DGB대구은행은 언택트 시대 디지털 금융 변화에 따른 소비자 편의를 위해 고객상담 챗봇 서비스 ‘앤디... 고객 개개인의 예·적금 만기일, 대출이자 납입일, 신용카드 결제일 정보 알림과 전체 금융자산 정보를..."
2021.06.08.,'이체부터 환전까지' 대구銀 고객상담 챗봇 서비스 실시,경북도민일보,http://www.hidomin.com/news/articleView.html?idxno=455222,"DGB대구은행 임성훈 은행장이 고객상담 챗봇 서비스 '앤디(ND)' 출시를 기념해 포즈를 취하고 있다. 사진... 고객 개개인의 예·적금 만기일, 대출이자 납입일, 신용카드 결제일 정보 알림과 전체 금융자산 정보를 한눈에 볼..."
2021.06.08.,"DGB대구은행, 고객상담 AI 챗봇 '앤디' 서비스 실시",위클리오늘,http://www.weeklytoday.com/news/articleView.html?idxno=373548,"DGB대구은행이 고객상담 챗봇 서비스 '앤디(ND)' 개발을 완료하고 서비스를 실시한다. [사진=DGB대구은행]... 여기에 고객 개개인의 예·적금 만기일, 대출이자 납입일, 신용카드 결제일 정보 알림과 전체 금융자산 정보를..."
2021.06.08.,"DGB대구은행, 고객상담 AI 챗봇 '앤디' 서비스 실시",경북매일신문,http://www.kbmaeil.com/news/articleView.html?idxno=900928,"DGB대구은행 임성훈 은행장이 고객상담 챗봇 '앤디)'의 서비스 실시를 기념해 앤디 캐릭터와 기념촬영을 하고... 특히 고객 개개인의 예·적금 만기일, 대출이자 납입일, 신용카드 결제일 정보 알림과 전체 금융자산 정보를..."
2021.06.08.,"대구銀, 상담 챗봇 서비스 '앤디' 개발",대구신문,http://www.idaegu.co.kr/news/articleView.html?idxno=348925,"DGB대구은행은 언택트 시대 디지털 금융 변화에 따른 소비자 편의를 위해 고객상담 챗봇 서비스 '앤디(ND)... 납입일, 신용카드 결제일 정보 알림과 전체 금융자산 정보를 한눈에 볼 수 있는 'MY자산 기능' 제공으로 추후..."
2021.06.08.,"DGB대구은행, 고객상담 AI 챗봇 ‘앤디’ 서비스 실시",경상매일신문,http://www.ksmnews.co.kr/default/index_view_page.php?idx=338074&part_idx=291,"DGB대구은행은 언택트 시대 디지털 금융 변화에 따른 소비자 편의를 위해 고객상담 챗봇 서비스 ‘앤디(ND)... 고객 개개인의 예·적금 만기일, 대출이자 납입일, 신용카드 결제일 정보 알림과 전체 금융자산 정보를..."
2021.06.08.,"DGB대구은행, 고객상담 챗봇 서비스 '앤디(ND)' 개발 완료…서비스 실시",일요신문,https://ilyo.co.kr/?ac=article_view&entry_id=403591,"제시 DGB대구은행(은행장 임성훈) 언택트 시대 디지털 금융 변화에 따른 소비자 편의를 위해 고객상담 챗봇... 납입일, 신용카드 결제일 정보 알림과 전체 금융자산 정보를 한눈에 볼 수 있는 'MY자산 기능' 제공으로 추후..."
2021.06.09.,"DGB대구은행, 고객상담 AI 챗봇 ‘앤디(ND)’ 서비스 실시",CNB뉴스,http://www.cnbnews.com/news/article.html?no=495711,"▲ CNB뉴스, CNBNEWS, 씨앤비뉴스 DGB대구은행의 상담챗봇 서비스 실시. (사진=DGB대구은행 제공) DGB대구은행은... 고객 개개인의 예·적금 만기일, 대출이자 납입일, 신용카드 결제일 정보 알림과 전체 금융자산 정보를..."
2021.06.09.,"DGB대구은행, 고객상담 AI 챗봇 ‘앤디(ND)’ 서비스 돌입",경북신문,http://www.kbsm.net/default/index_view_page.php?idx=314088&part_idx=326,"DGB대구은행이 언택트 시대 디지털 금융 변화에 따른 소비자 편의를 위해 고객상담 챗봇 서비스 ‘앤디(ND)... 고객 개개인의 예·적금 만기일, 대출이자 납입일, 신용카드 결제일 정보 알림과 전체 금융자산 정보를..."
2021.06.10.,"[기획] 우리금융, 비은행 역량 강화 '청신호'",현대경제신문,http://www.finomy.com/news/articleView.html?idxno=94447,"지난해 KB·신한·하나·우리·농협·BNK·DGB·JB·한국투자·메리츠 등 국내 10개 금융지주회사의 연결... 우리금융지주는 2019년 당시 우리은행, 우리에프아이에스, 우리금융연구소, 우리신용정보, 우리펀드서비스..."
2021.06.14.,"대구은행, 지방은행 첫 마이데이터 사업권 받을 수 있나",영남일보,https://www.yeongnam.com/web/view.php?key=20210614010001758,"대구은행 관계자는 ""DGB금융은 대구은행 외에도 하이투자증권이 마이데이터 사업 예비허가를 신청 중""이라며 ""은행의 신용정보와 보험사 고객 진료 정보, 증권사 고객 투자 성향 등을 활용해 새로운 서비스를 제공할 수..."
2021.06.19.,"김태오 DGB금융지주 회장, 선제적 ESG 행보…지배 구조 선진화 추진",한경비즈니스,https://magazine.hankyung.com/business/article/202106152288b,김태오 DGB금융그룹 회장은 2018년 취임 후 대대적인 지배 구조 선진화 정책을 실시하고 조직 안정화를... 이에 따라 기존에 설립된 대구은행·대구신용정보·카드넷 등 3개 자회사 체제에서 현재 9개 자회사를 둔...
2021.06.22.,"[더벨][중견 증권사 열전]현대차증권, 그룹 조력 속 성장…금융 삼각편대 완성",더벨,http://www.thebell.co.kr/front/free/contents/news/article_view.asp?key=202106171413276280108735,이를 위해 지난 4월 금융위원회에 본인신용정보관리업(마이데이터) 허가를 신청했다. 올해 하반기 관련... 2017년 지주회사 체제를 구축한 현대중공업그룹이 이듬해 하이투자증권을 DGB금융지주에 매각한 것은 '금융사...
2021.06.22.,마이데이터 2차 허가 임박..지방은행 ‘1호 사업자’에 대구·광주은행 물망,한국정경신문,http://kpenews.com/View.aspx?No=1828882,(본인신용정보관리업)’ 진출에 적극 나섰다. 마이데이터 2차 허가 심사 결과 발표를 앞두고 지방은행 중... 금융당국은 회의 후 DGB대구은행 등 8곳에 대한 마이데이터 허가 심사 결과를 발표할 예정이다. 마이데이터...
2021.06.23.,"지방금융지주,디지털 전환 속도…""경쟁력 강화""",메트로신문,http://www.metroseoul.co.kr/article/20210623500003,"BNK금융지주, DGB금융지주, JB금융지주 사옥 전경./각 사 지방금융지주들이 금융업 경쟁력 강화를 위해 디지털... 또한 신사업 영역으로 꼽히는 마이데이터(본인신용정보관리업) 진출에도 공을 들이고 있다. 지방은행..."
2021.06.24.,대구은행·교보생명 등 6곳 마이데이터 예비허가 획득,뉴스웨이,http://www.newsway.co.kr/news/view?tp=1&ud=2021062415240684407,"DGB대구은행과 전북은행, 교보생명, 신한생명 등 주요 금융사가 마이데이터(본인신용정보관리업) 예비허가를 획득했다. 24일 금융위원회는 이날 제12차 정례회의에서 마이데이터 허가를 신규 신청한 31개사 중 8곳에 대한..."
2021.06.24.,대구은행·전북은행 등 금융사 6개사 마이데이터 사업 예비인가 획득,아이뉴스24,http://www.inews24.com/view/1379167,"금융당국이 대구은행과 전북은행 등 6개사에 대해 본인신용정보관리업(마이데이터) 사업의 예비허가를... 예비허가를 신청한 7개사 중 DGB대구은행, 전북은행, KB캐피탈, 교보생명, 신한생명, KB손해보험 등 6개사가..."
2021.06.24.,"금융위, 대구은행·신한생명 등 6곳 마이데이터 예비허가",뉴데일리,http://biz.newdaily.co.kr/site/data/html/2021/06/24/2021062400164.html,"뉴데일리 최유경 기자 = DGB대구은행을 비롯한 6개 금융사가 마이데이터 예비허가를 받았다. 또 아이지넷은 사업계획 타당성을 보완해 본허가권을 따냈다. 금융위원회는 24일 정례회의를 열고 지난 4, 5월 본인신용정보관..."
2021.06.24.,"금융위, DGB대구은행 신한생명 포함 6곳 마이데이터 예비허가",비즈니스포스트,https://www.businesspost.co.kr/BP?command=article_view&num=237634,"금융위는 24일 정례회의를 열고 본인신용정보관리업(마이데이터) 허가를 신규로 신청한 8개 기업을 대상으로 허가심사를 진행했다. 금융위원회 로고. DGB대구은행과 전북은행, KB캐피탈, 교보생명, 신한생명, KB손해보험 등..."
2021.06.24.,보험사도 마이데이터 진출,매일경제,http://news.mk.co.kr/newsRead.php?no=612284&year=2021,"교보·신한 등 6곳 예비허가 금융위원회가 24일 제12차 정례회의를 개최해 본인신용정보관리업(마이데이터)... 이 밖에도 금융위는 DGB대구은행, 전북은행, KB캐피탈, 교보생명, 신한생명, KB손해보험 등 6곳에 예비허가를..."
2021.06.24.,"""보험사도 마이데이터 진출""… 교보·신한·KB손보, 예비허가",머니S언론사 선정,http://moneys.mt.co.kr/news/mwView.php?no=2021062415528056513,"보험사의 본인신용정보관리업(마이데이터) 진출이 본격화된다. 금융위원회가 교보생명·신한생명... 예비허가를 신청한 7개사 중 DGB대구은행, 전북은행, KB캐피탈, 교보생명, 신한생명, KB손해보험 등 6개사가 예비허가를..."
2021.06.24.,지방은행도 마이데이터 사업 합류… 대구·전북은행 예비허가 통과,조선비즈언론사 선정,https://biz.chosun.com/stock/finance/2021/06/24/3WS53PV2VNCCXP3SQOL2GXNC7E/?utm_source=naver&utm_medium=original&utm_campaign=biz,광주은행 본허가 심사는 미뤄 부산·경남은행은 우회 진출 DGB대구은행과 JB전북은행이 지방은행 중 처음으로... 금융당국은 신용정보법상 허가 요건 충족 여부를 살펴보는데 허가 요인이 모두 충족될 경우 예비 허가를...
2021.06.24.,"[마이데이터 시대] 대구·전북銀 등 6개사, 예비허가 획득",팍스넷뉴스,https://www.paxnetnews.com/articles/75552,"보험 진단 앱 '보닥' 운영 아이지넷, 본허가 DGB대구은행과 전북은행 등 6개 금융회사가 금융위원회로부터 마이데이터 사업(본인신용정보관리업) 예비허가를 획득했다. 인공지능(AI) 보험 진단 애플리케이션 '보닥'을..."
2021.06.24.,"지방은행, 마이데이터 사업 진출 속속…대구·전북銀 등 줄줄이 도전장",아이뉴스24,http://www.inews24.com/view/1379235,"BNK·DGB·JB지방금융지주 계열 지방은행들이 속속 본인신용정보관리업(마이데이터) 사업에 출사표를 내고 있다. 오는 8월 4일 마이데이터 정식 서비스 시행을 앞두고 대구은행, 전북은행, 광주은행 등이 금융당국으로부터..."
2021.06.25.,교보생명·신한생명·KB손보 등 6개사 마이데이터 사업 예비허가,메가경제,http://www.megaeconomy.co.kr/news/newsview.php?ncode=1065570669051015,"▲ 금융위원회 [사진=연합뉴스 제공] 교보생명, 신한생명, KB손해보험 등 보험사들이 처음으로 본인신용정보관리업(마이데이터) 예비허가를 받았다. DGB대구은행과 JB전북은행도 지방은행 중 처음으로 예비허가를..."
2021.06.25.,대구·전북은행 마이데이터 '첫발'…지방은행 디지털금융 잰걸음,미디어펜,http://www.mediapen.com/news/view/640152,지방금융권이 주요 시중은행에 이어 본인신용정보관리(마이데이터) 사업에 본격적으로 사활을 거는 모습이다. DGB대구은행과 JB전북은행은 지난 24일 금융위원회 제12차 정례회의에서 금융당국으로부터 사업 예비허가를...
2021.06.25.,"마이데이터 포문 연 지방은행…""고객 맞춤형 서비스 다양해질 것""",글로벌이코노믹,http://www.g-enews.com/ko-kr/news/article/news_all/20210625164113536294b6db5823_1/article.html,BNK·DGB·JB금융지주 계열 지방은행들이 마이데이터(본인신용정보관리업) 사업에 뛰어들고 있다. 마이데이터 사업은 흩어져 있는 금융거래 정보 등을 일괄 수집해 소비자에게 일목요연하게 제공하고 개인 정보...
2021.06.27.,"지방銀, 인뱅에 치이고 핀테크에 뺨맞고…생존 키워드는 ‘마이데이터·비대면...",IT조선,http://it.chosun.com/site/data/html_dir/2021/06/25/2021062501823.html,신용정보법상 허가 요인이 모두 충족되면 예비 허가를 건너뛰고 바로 본허가 심사에 돌입한다. 대구은행은 최근 DGB무방문 주택담보대출 상품을 출시했다. 부산은행은 영업점 방문 없이 앱을 통해 주택담보대출을...
2021.07.05.,"DGB금융그룹, 첫 ESG경영협의회 개최…계열사 머리 맞대",쿠키뉴스,http://www.kukinews.com/newsView/kuk202107050082,"이날 회의에는 대구은행, 하이투자증권, DGB생명, DGB캐피탈, DGB자산운용, DGB데이터시스템, DGB유페이, DGB신용정보, DGB수림창업투자 등 9개 계열사가 모여 그룹 차원의 ESG경영 실천에 발맞추기 위해 ESG경영 실행의..."
2021.07.05.,"DGB금융그룹, 첫 ESG경영협의회 개최…계열사 머리 맞대",대한금융신문,http://www.kbanker.co.kr/news/articleView.html?idxno=99653,"이날 회의에는 대구은행, 하이투자증권, DGB생명, DGB캐피탈, DGB자산운용, DGB데이터시스템, DGB유페이, DGB신용정보, DGB수림창업투자 등 9개 계열사가 모여 그룹 차원의 ESG경영 실천에 발맞추기 위해 ESG경영 실행의..."
2021.07.05.,"DGB금융, ESG경영협의회 개최",FETV,https://www.fetv.co.kr/news/article.html?no=90023,"이날 회의에는 대구은행, 하이투자증권, DGB생명, DGB캐피탈, DGB자산운용, DGB데이터시스템, DGB유페이, DGB신용정보, DGB수림창업투자 등 9개 계열사가 모였다. 그룹 차원의 ESG경영 실천에 발맞추기 위해 ESG경영 실행의..."
2021.07.05.,"[Go-ESG] DGB금융그룹, 첫 ESG경영협의회 개최",이코노믹리뷰,https://www.econovill.com/news/articleView.html?idxno=539313,"이날 회의에는 대구은행, 하이투자증권, DGB생명, DGB캐피탈, DGB자산운용, DGB데이터시스템, DGB유페이, DGB신용정보, DGB수림창업투자 등 9개 계열사가 모여 그룹 차원의 ESG경영 실천에 발맞추기 위해 ESG경영 실행의..."
2021.07.05.,"DGB금융, 첫 ‘ESG경영협의회’ 열어 계열사별 과제 점검",뉴스웨이,http://www.newsway.co.kr/news/view?tp=1&ud=2021070511280580783,"이날 회의엔 대구은행과 하이투자증권, DGB생명, DGB캐피탈, DGB자산운용, DGB데이터시스템, DGB유페이, DGB신용정보, DGB수림창업투자 등 9개 계열사가 모여 ESG경영 실천 방안을 논의했다. 현재 하이투자증권은 ESG 관련..."
2021.07.05.,"DGB금융그룹, 9개 계열사 모여 첫 ESG경영협의회 개최",이뉴스투데이,http://www.enewstoday.co.kr/news/articleView.html?idxno=1493323,"이날 회의에는 대구은행, 하이투자증권, DGB생명, DGB캐피탈, DGB자산운용, DGB데이터시스템, DGB유페이, DGB신용정보, DGB수림창업투자 등 9개 계열사가 모여 그룹 차원의 ESG경영 실행의 방향성을 논의하고 중점..."
2021.07.05.,"DGB금융그룹, 첫 ESG경영협의회 개최",파이낸셜뉴스,http://www.fnnews.com/news/202107051134178329,"이날 회의에는 대구은행, 하이투자증권, DGB생명, DGB캐피탈, DGB자산운용, DGB데이터시스템, DGB유페이, DGB신용정보, DGB수림창업투자 등 9개 계열사가 머리를 맞댔다. 이 자리에서 그룹 차원의 ESG경영 실천에 발맞추기..."
2021.07.05.,"DGB금융그룹, 첫 ESG경영협의회 개최…계열사 머리 맞대",디지털데일리,http://www.ddaily.co.kr/news/article.html?no=217424,"이날 회의에는 대구은행, 하이투자증권, DGB생명, DGB캐피탈, DGB자산운용, DGB데이터시스템, DGB유페이, DGB신용정보, DGB수림창업투자 등 9개 계열사가 모여 그룹 차원의 ESG경영 실천에 발맞추기 위해 ESG경영 실행의..."
2021.07.05.,"DGB금융그룹, ESG경영협의회 개최…그룹차원 중장기 계획 추진",데일리한국,https://daily.hankooki.com/lpage/finance/202107/dh20210705115458148320.htm?s_ref=nv,"이날 회의에는 대구은행, 하이투자증권, DGB생명, DGB캐피탈, DGB자산운용, DGB데이터시스템, DGB유페이, DGB신용정보, DGB수림창업투자 등 9개 계열사가 모여 그룹 차원의 ESG경영 실천에 발맞추기 위해 ESG경영 실행의..."
2021.07.05.,"DGB금융, 계열사 모여 ESG경영협의회 열어",파이낸셜뉴스,http://www.fnnews.com/news/202107051204028310,"이날 회의에는 대구은행, 하이투자증권, DGB생명, DGB캐피탈, DGB자산운용, DGB데이터시스템, DGB유페이, DGB신용정보, DGB수림창업투자 등 9개 계열사가 모였다. DGB금융그룹 관계자는 ""ESG경영협의회를 통해 각..."
2021.07.05.,"DGB금융, 첫 ESG경영협의회 개최…ESG 실행 방향 논의",아시아투데이,https://www.asiatoday.co.kr/view.php?key=20210705010002251,"이날 회의에는 대구은행, 하이투자증권, DGB생명, DGB캐피탈, DGB자산운용, DGB데이터시스템, DGB유페이, DGB신용정보, DGB수림창업투자 등 9개 계열사가 모여 ESG경영 실행의 방향성을 논의하고 중점 추진사항을..."
2021.07.05.,"DGB금융, 첫 ESG경영협의회 개최",한국금융신문,http://www.fntimes.com/html/view.php?ud=202107051316105749249a1ae63_18,"이날 회의에는 대구은행, 하이투자증권, DGB생명, DGB캐피탈, DGB자산운용, DGB데이터시스템, DGB유페이, DGB신용정보, DGB수림창업투자 등 9개 계열사 임원진이 모였다. 그룹 차원의 ESG 경영 실천에 발맞추고자 실행..."
2021.07.05.,"DGB금융그룹, 첫 ESG경영협의회 개최…9개 계열사 머리 맞댔다",인더뉴스,https://www.inthenews.co.kr/news/article.html?no=37240,"이날 회의에는 대구은행, 하이투자증권, DGB생명, DGB캐피탈, DGB자산운용, DGB데이터시스템, DGB유페이, DGB신용정보, DGB수림창업투자 등 9개 계열사가 모였는데요. 그룹 차원의 ESG경영 실천에 발맞추기 위해 ESG경영..."
2021.07.05.,"DGB금융그룹, 첫 ESG경영협의회 개최…계열사 머리 맞대",국제뉴스,http://www.gukjenews.com/news/articleView.html?idxno=2259662,"이날 회의에는 대구은행, 하이투자증권, DGB생명, DGB캐피탈, DGB자산운용, DGB데이터시스템, DGB유페이, DGB신용정보, DGB수림창업투자 등 9개 계열사가 모여 그룹 차원의 ESG경영 실천에 발맞추기 위해 ESG경영 실행의..."
2021.07.05.,"DGB금융그룹, 첫 ESG경영협의회 개최… 9개 계열사 ESG 환경 조성 박차",브릿지경제,http://www.viva100.com/main/view.php?key=20210705010000909,"이날 회의에는 대구은행, 하이투자증권, DGB생명, DGB캐피탈, DGB자산운용, DGB데이터시스템, DGB유페이, DGB신용정보, DGB수림창업투자 등 9개 계열사가 모여 그룹 차원의 ESG경영 실천에 발맞추기 위해 ESG경영 실행의..."
2021.07.05.,"DGB금융, 9개 계열사 모여 ESG경영 첫 논의",팍스넷뉴스,https://www.paxnetnews.com/articles/75912,"이날 회의에는 대구은행, 하이투자증권, DGB생명, DGB캐피탈, DGB자산운용, DGB데이터시스템, DGB유페이, DGB신용정보, DGB수림창업투자 등 9개 계열사가 참여했다. 하이투자증권은 친환경 경영을 위해 ESG관련 투자와 상품..."
2021.07.05.,"DGB금융, 그룹 첫 ESG경영협의회 개최",전자신문,http://www.etnews.com/20210705000163,"이날 회의에는 대구은행, 하이투자증권, DGB생명, DGB캐피탈, DGB자산운용, DGB데이터시스템, DGB유페이, DGB신용정보, DGB수림창업투자 등 9개 계열사가 모여 ESG경영 실행 방향성을 논의하고 중점 추진사항을..."
2021.07.05.,"DGB금융, 계열사 합동 ESG경영협의회 개최",데일리안,https://www.dailian.co.kr/news/view/1008290/?sc=Naver,"이날 회의에는 DGB대구은행, 하이투자증권, DGB생명, DGB캐피탈, DGB자산운용, DGB데이터시스템, DGB유페이, DGB신용정보, DGB수림창업투자 등 9개 계열사가 모여 그룹 차원의 ESG경영 실천에 발맞추기 위해 ESG경영 실행의..."
2021.07.05.,"DGB금융그룹, 그룹 차원 첫 'ESG경영협의회' 개최",더퍼스트,http://www.thefirstmedia.net/news/articleView.html?idxno=78370,"이날 회의에는 대구은행, 하이투자증권, DGB생명, DGB캐피탈, DGB자산운용, DGB데이터시스템, DGB유페이, DGB신용정보, DGB수림창업투자 등 9개 계열사가 모여 그룹 차원의 ESG경영 실천에 발맞추기 위해 ESG경영 실행의..."
2021.07.05.,"DGB금융, ESG경영협의회 개최",메트로신문,http://www.metroseoul.co.kr/article/20210705500270,"이날 회의에는 대구은행, 하이투자증권, DGB생명, DGB캐피탈, DGB자산운용, DGB데이터시스템, DGB유페이, DGB신용정보, DGB수림창업투자 등 9개 계열사가 모여 그룹 차원의 ESG경영 실천에 발맞추기 위해 ESG경영 실행의..."
2021.07.05.,"DGB금융그룹, 첫 ESG경영협의회 개최",아이뉴스24,http://www.inews24.com/view/1382424,"DGB대구은행 제 2 본점 전경[사진=DGB 대구은행] 이날 회의는 대구은행, 하이투자증권, DGB생명, DGB캐피탈, DGB자산운용, DGB데이터시스템, DGB유페이, DGB신용정보, DGB수림창업투자 등 9개 계열사가 모여 ESG경영 실행의..."
2021.07.05.,"DGB그룹, 5일 그룹 차원 첫 'ESG경영협의회' 열어",신아일보,http://www.shinailbo.co.kr/news/articleView.html?idxno=1432105,"이날 회의에는 대구은행, 하이투자증권, DGB생명, DGB캐피탈, DGB자산운용, DGB데이터시스템, DGB유페이, DGB신용정보, DGB수림창업투자 등 9개 계열사가 모여 그룹 차원의 ESG경영 실천에 발맞추기 위해 ESG경영 실행의..."
2021.07.05.,"DGB금융그룹, 첫 ESG경영협의회 개최…계열사 머리 맞대",미디어펜,http://www.mediapen.com/news/view/643062,"이날 회의에는 DGB대구은행, 하이투자증권, DGB생명, DGB캐피탈, DGB자산운용, DGB데이터시스템, DGB유페이, DGB신용정보, DGB수림창업투자 등 9개 계열사가 모여 ESG경영 실행의 방향성을 논의하고 중점 추진사항을..."
2021.07.05.,"DGB금융, 첫 ESG경영협의회 개최…‘ESG위원회’ 지원사격",더퍼블릭,http://thepublic.kr/news/newsview.php?ncode=1065595920557559,"이날 회의에는 대구은행, 하이투자증권, DGB생명, DGB캐피탈, DGB자산운용, DGB데이터시스템, DGB유페이, DGB신용정보, DGB수림창업투자 등 9개 계열사가 모여 그룹 차원의 ESG경영 실천에 발맞추기 위해 ESG경영 실행의..."
2021.07.05.,"DGB금융그룹, 첫 ESG경영협의회 개최",헤럴드경제,http://news.heraldcorp.com/view.php?ud=20210705000955,"이날 회의에는 대구은행, 하이투자증권, DGB생명, DGB캐피탈, DGB자산운용, DGB데이터시스템, DGB유페이, DGB신용정보, DGB수림창업투자 등 9개 계열사가 모여 그룹 차원의 ESG경영 실천에 발맞추기 위해 ESG경영 실행의..."
2021.07.05.,"DGB금융그룹, 첫 ESG경영협의회 개최",스마트경제,http://www.dailysmart.co.kr/news/articleView.html?idxno=47050,"이날 회의에는 대구은행, 하이투자증권, DGB생명, DGB캐피탈, DGB자산운용, DGB데이터시스템, DGB유페이, DGB신용정보, DGB수림창업투자 등 9개 계열사가 모여 그룹 차원의 ESG경영 실천에 발맞추기 위해 ESG경영 실행의..."
2021.07.05.,"DGB금융, 첫 ESG경영협의회 개최…계열사 머리 맞대",경북신문,http://www.kbsm.net/default/index_view_page.php?idx=316758&part_idx=326,"이날 회의에는 대구은행, 하이투자증권, DGB생명, DGB캐피탈, DGB자산운용, DGB데이터시스템, DGB유페이, DGB신용정보, DGB수림창업투자 등 9개 계열사가 모여 그룹 차원의 ESG경영 실천에 발맞추기 위해 ESG경영 실행의..."
2021.07.05.,"DGB금융 ESG경영협의회 처음 열어, 계열사 ESG경영 지원하기로",비즈니스포스트,https://www.businesspost.co.kr/BP?command=article_view&num=239323,"DGB금융그룹은 이날 회의에 대구은행, 하이투자증권, DGB생명, DGB캐피탈, DGB자산운용, DGB데이터시스템, DGB유페이, DGB신용정보, DGB수림창업투자 등 9개 계열사가 모여 ESG경영 실행의 방향성을 논의하고 중점..."
2021.07.05.,"DGB금융그룹, 첫 ESG경영協 개최… 경영 방향성 모색",경북도민일보,http://www.hidomin.com/news/articleView.html?idxno=457732,"이날 회의에는 대구은행, 하이투자증권, DGB생명, DGB캐피탈, DGB자산운용, DGB데이터시스템, DGB유페이, DGB신용정보, DGB수림창업투자 등 9개 계열사가 모여 그룹 차원의 ESG경영 실천에 발맞추기 위해 ESG경영 실행의..."
2021.07.05.,"DGB금융그룹, ESG경영협의회 개최",브레이크뉴스,http://www.breaknews.com/818490,"이날 회의에는 대구은행, 하이투자증권, DGB생명, DGB캐피탈, DGB자산운용, DGB데이터시스템, DGB유페이, DGB신용정보, DGB수림창업투자 등 9개 계열사가 모여 ESG경영 실행의..."
2021.07.05.,"DGB금융그룹, 첫 ESG경영협의회 개최…계열사 머리 맞대",대경일보,http://www.dkilbo.com/news/articleView.html?idxno=338093,"이날 회의에는 대구은행, 하이투자증권, DGB생명, DGB캐피탈, DGB자산운용, DGB데이터시스템, DGB유페이, DGB신용정보, DGB수림창업투자 등 9개 계열사가 모여 그룹 차원의 ESG경영 실천에 발맞추기 위해 ESG경영 실행의..."
2021.07.06.,"DGB금융 첫 ESG경영협의회, 계열사 머리 맞대 실질적 환경조성 박차",메가경제,http://www.megaeconomy.co.kr/news/newsview.php?ncode=1065564583957941,"이날 회의에는 대구은행, 하이투자증권, DGB생명, DGB캐피탈, DGB자산운용, DGB데이터시스템, DGB유페이, DGB신용정보, DGB수림창업투자 등 9개 계열사가 모여 그룹 차원의 ESG경영 실천에 발맞추기 위해 ESG경영 실행의..."
2021.07.06.,"DGB금융그룹, 첫 'ESG경영협의회' 개최",퍼블릭뉴스,http://www.psnews.co.kr/news/articleView.html?idxno=1846947,"이날 회의에는 대구은행, 하이투자증권, DGB생명, DGB캐피탈, DGB자산운용, DGB데이터시스템, DGB유페이, DGB신용정보, DGB수림창업투자 등 9개 계열사가 모여 그룹 차원의 ESG경영 실천에 발맞추기 위해 ESG경영 실행의..."
2021.07.06.,"DGB금융그룹, 첫 ‘ESG경영협의회’ 개최",퍼블릭뉴스,http://psnews.co.kr/View.aspx?No=1846947,"이날 회의에는 대구은행, 하이투자증권, DGB생명, DGB캐피탈, DGB자산운용, DGB데이터시스템, DGB유페이, DGB신용정보, DGB수림창업투자 등 9개 계열사가 모여 그룹 차원의 ESG경영 실천에 발맞추기 위해 ESG경영 실행의..."
2021.07.06.,DGB금융 계열사별 'ESG 경영 방향' 모색,대구신문,http://www.idaegu.co.kr/news/articleView.html?idxno=351756,"이날 회의에는 대구은행, 하이투자증권, DGB생명, DGB캐피탈, DGB자산운용, DGB데이터시스템, DGB유페이, DGB신용정보, DGB수림창업투자 등 9개 계열사가 모여 그룹 차원의 ESG경영 실천에 발맞추기 위해 ESG경영 실행의..."
2021.07.07.,[20살 맞은 금융지주] 양과 질 모두 잡았다...과제는?,FETV,https://www.fetv.co.kr/news/article.html?no=90257,"DGB금융은 대구은행과 카드넷, 대구신용정보의 주주로부터 주식의 포괄적 이전 방식에 의해 설립됐다. 2018년에 인수한 하이투자증권은 현재 비은행부문에서 ‘효자’ 노릇을 톡톡히 하고 있다. DGB금융은 지난 4월..."
2021.07.07.,"DGB금융, 첫 ESG경영협의회... 9개 계열사 모여 실천방안 논의",시장경제신문,http://www.meconomynews.com/news/articleView.html?idxno=55242,"이날 회의에는 대구은행, 하이투자증권, DGB생명, DGB캐피탈, DGB자산운용, DGB데이터시스템, DGB유페이, DGB신용정보, DGB수림창업투자 등 9개 계열사가 모여 그룹 차원의 ESG경영 실천에 발맞추기 위해 ESG경영 실행의..."
2021.07.12.,기부·맛집추천·음식배달·꽃선물…은행 앱? '생활금융 플랫폼!',매일신문언론사 선정,https://news.imaeil.com/Economy/2021071216452451194,DGB대구은행은 이르면 올 연말 금융위원회 본인신용정보관리업(마이데이터) 허가를 받은 뒤 이용자 건강정보와 소비·결제 데이터를 바탕으로 개인 맞춤형 서비스를 제공할 방침이다. 이 경우 생체나이가 실제 나이보다...
2021.07.16.,"""3분 안에 OK""···인공지능 활용 '간편대출' 잇달아 출시",서울파이낸스,http://www.seoulfn.com/news/articleView.html?idxno=425901,기본정보만 입력하면 신용대출 상품 한도와 금리를 한눈에 비교할 수 있는 서비스도 등장했다. DGB대구은행은 지난달 다양한 종류의 비대면 신용대출 상품을 한번에 조회하고 가입할 수 있는 'IM원샷대출한도조회...
2021.07.20.,"JB는 ‘마이데이터’, DGB는 ‘메타버스’…지방금융도 디지털 전환 총력",뉴스웨이,http://www.newsway.co.kr/news/view?tp=1&ud=2021071615062507365,"20일 금융권에 따르면 JB금융과 DGB금융 등 지방금융지주는 최근 디지털과 관련해 눈에 띄는 변화를... 마이데이터는 은행과 보험사, 카드사 등에 흩어진 개인신용정보를 모아 새 서비스를 제공하는 산업을 의미한다...."
2021.07.22.,"기존 틀 깨는 지방은행, 생존 키워드는 '디지털'",아시아경제언론사 선정,https://view.asiae.co.kr/article/2021072209063635883,"광주은행은 지방은행 최초로 마이데이터(본인신용정보관리업) 본허가도 획득했다. 송종욱 광주은행장은 ""디지털 혁신을 선도해 100년은행으로 성장해 나가겠다""는 포부를 밝혔다. DGB대구은행은 디지털 전문인력..."
2021.07.25.,[금융을 D-Sign 하라④] “뒤처지면 큰 일”…지방은행도 디지털 역량 강화 매...,뉴스웨이,http://www.newsway.co.kr/news/view?tp=1&ud=2021072220053297711,"마이데이터는 은행과 보험사, 카드사 등에 흩어진 개인신용정보를 모아 새 서비스를 제공하는 산업을... ◇DGB금융 디지털 키워드는 ‘IM뱅크’와 ‘메타버스’=DGB금융은 모바일 플랫폼 ‘IM뱅크’를 중심으로 디지털..."
2021.07.25.,"[Q&A] 햇살론뱅크, 빈번한 연체 확인되면 대출 불가",뉴시스,http://www.newsis.com/view/?id=NISX20210723_0001523728&cID=15001&pID=15000,"신청자의 신용도·상환의지 등에 따라 다르다. 성실상환시 우대금리 혜택은 BNK부산·DGB대구·신한... 한국신용정보원에 연체정보, 금융질서문란정보, 공공정보, 특수기록정보 등이 등록된 사람은 대출이 불가능하다...."
2021.07.26.,햇살론뱅크 개시…최저 연 4.9%·최대 2000만원,굿모닝경제,http://www.kpinews.co.kr/news/articleView.html?idxno=153342,"예정), DGB대구·신한·우리·제주·하나은행(9월27일) 등 총 13곳이다. 특히 전북은행은 모바일 웹을 통한... 구체적으로는 한국신용정보원에 연체정보, 금융질서문란정보, 공공정보, 특수기록정보 등이 등록된 사람은..."
2021.07.26.,[Q&A] 햇살론뱅크 4개 은행 1차 출시…챙겨야 하는 서류는,한국금융신문,http://www.fntimes.com/html/view.php?ud=202107261037191995f09e13944d_18,"신청자의 신용도·상환 의지 등에 따라 결정된다. 은행별 성실 상환 시 우대금리는 BNK부산·DGB대구·신한... 한국신용정보원에 연체정보, 금융질서문란정보, 공공정보, 특수기록정보 등이 등록된 사람은 대출이..."
2021.07.26.,"금융위원회, 저소득층 대상 최저 4%대 금리 '햇살론뱅크' 출시",이코노믹리뷰,https://www.econovill.com/news/articleView.html?idxno=542340,"또한 보증신청일 기준 최근 1년 이용자의 가계 부채잔액 감소, 또는 신용평점(KCB,나이스신용정보)이... 햇살론뱅크 참여 은행은 BNK경남은행, 광주은행, KB국민은행, IBK기업은행, NH농협은행, DGB대구은행, BNK부산은행..."
2021.07.27.,DGB ‘메타버스’ vs. JB ‘마이데이터’..지방금융 디지털전환 선두경쟁 치열,한국정경신문,http://kpenews.com/View.aspx?No=1981811,마이데이터는 흩어진 개인 신용정보를 한곳에 모아 보여주고 재무 현황·소비패턴 등을 분석해 적합한 금융상품을 추천하는 등 자산·신용관리를 도와주는 서비스다. 지방금융그룹 가운데 DGB금융의 대구은행이...
2021.07.29.,"금융지주, 상반기 실적 키워드 '사상최대·비은행·배당'",팍스넷뉴스,https://www.paxnetnews.com/articles/76766,DGB와 BNK금융의 실적은 아직 발표 전이지만 JB금융도 올해 상반기 2784억원의 순이익을 거둬 최대치를 기록... 본인신용정보관리업(마이데이터)에 뛰어든 핀테크사도 잠재적인 위협이다. 금융지주도 마이데이터 준비를...
2021.07.30.,‘역대급 실적’ BNK·DGB·JB금융…‘비은행’ 기여도 40%까지 치솟아,CEO스코어데일리,https://www.ceoscoredaily.com/page/view/2021072917194119371,"BNK신용정보, BNK시스템, BNK벤처투자 등 중소형 비은행 계열사들의 실적 모두 지난해 동기보다 개선됐다. 특히 BNK자산운용과 BNK벤처투자의 상반기 순이익은 70억원, 16억원으로 각각 3400%, 1500% 급증했다. DGB금융의..."
2021.07.30.,"지방은행, '빅데이터'에 집중…新성장동력 만든다",데일리한국,https://daily.hankooki.com/lpage/finance/202107/dh20210730162323148310.htm?s_ref=nv,기업에 정보를 제공하는 비즈니스 데이터 플랫폼 기업이다. BNK금융그룹은 이번 제휴를 기반으로 △개인자산관리 △금융상품 추천 △신용관리 등 다양한 고객 맞춤형 금융서비스를 제공할 계획이다. DGB금융그룹의...
2021.08.01.,"지방은행, 마이데이터 경쟁 본격화",메트로신문,http://www.metroseoul.co.kr/article/20210801500049,/각 사 제공 지방은행들이 마이데이터(본인신용정보관리업) 사업에 뛰어 들면서 외연 확장을 꾀하고 있다.... DGB대구은행도 현재 마이데이터 예비허가를 받은 상태로 본허가를 기다리고 있다. 대구은행 역시 고객의 고객...
2021.08.02.,"마이데이터 출사표 던지는 지방은행, 시중은행과 격차 줄인다",이뉴스투데이,http://www.enewstoday.co.kr/news/articleView.html?idxno=1501175,지방은행들이 마이데이터(본인신용정보관리업)사업 진출에 열을 올리고 있다. 갈수록 몸집이 커지는 대형... 2일 은행권에 따르면 광주·전북·DGB대구·BNK부산·경남은행 등 지방은행들이 마이데이터 사업 준비에 박차를...
2021.08.04.,빅테크·핀테크 손잡는 지방은행…목표는 생존,글로벌이코노믹,http://www.g-enews.com/ko-kr/news/article/news_all/20210802135204491194b6db5823_1/article.html,"3일 금융권에 따르면, BNK와 DGB, JB 등 지방금융그룹 계열 은행들은 빅데이터 서비스 도입에 속도를 내고 있다. BNK금융그룹은 그룹 차원에서 부산은행, 경남은행의 마이데이터(본인 신용정보관리업) 사업 우선협상대상자로..."
2021.08.05.,"[더벨]'흑자전환' 케이뱅크, '주주사 시너지' 찾기 본격화",더벨,http://www.thebell.co.kr/front/free/contents/news/article_view.asp?key=202108031725414160101382,"카드, 외환을 비롯해 본인신용정보관리업(마이데이터) 기반 개인 자산관리 등 다방면에서 협업을 추진할... 주주인 DGB캐피탈 등 여신전문금융사나 저축은행과 협업하고 있다. 케이뱅크 입장에서는 대출 거절..."
2021.08.10.,"지방은행, 마이데이터로 시중은행과 격차 줄인다",조선비즈언론사 선정,https://biz.chosun.com/stock/finance/2021/08/10/QZDHK3IDFRHQBDCQ6KQ725W6PQ/?utm_source=naver&utm_medium=original&utm_campaign=biz,이에 지방은행들은 마이데이터(본인신용정보관리업) 사업을 통해 인터넷은행의 디지털 경쟁력을 따라잡고... 금융정보를 통합 관리할 수 있다. 지난 6월 금융위원회로부터 마이데이터 사업자 예비허가를 받은 DGB금융은...
2021.08.11.,"""시중은행과 격차 줄이자""…지방은행, 마이데이터 사업 분주",글로벌이코노믹,http://www.g-enews.com/ko-kr/news/article/news_all/20210811163420381194b6db5823_1/article.html,"11일 금융권에 따르면 지난 6월 금융위원회로부터 마이데이터 사업자 예비허가를 받은 DGB금융그룹은... 추천, 신용 관리, 비금융 정보 제공, 자동차 시세, 부동산 시세, 신용점수 올리기, 맞춤형 금융상품 추천 등 비금융..."
2021.08.13.,"[더벨]DGB금융, 신종자본증권 발행 추진…ESG채권 검토",더벨,http://www.thebell.co.kr/front/free/contents/news/article_view.asp?key=202108111740012440107271,"DGB금융지주는 대구은행, 하이투자증권, DGB생명보험, DGB캐피탈, DGB자산운용, DGB유페이, DGB데이터시스템, DGB신용정보 등 자회사 8곳과 손자회사 해외법인 4곳을 보유하고 있다. 나이스신용평가는 “은행부문..."
2021.08.13.,"DGB, 핀테크社 인수... '디지털 혁신'으로 종합금융 도약",시장경제신문,http://www.meconomynews.com/news/articleView.html?idxno=56903,"DGB생명, DGB자산운용 등을 연이어 자회사로 편입시켰다. 최근에는 벤처캐피탈(VD)인 수림창업투자와 주식매매계약(SPA)을 체결하고 완전자회사로 편입했다. 이로써 기존에 설립된 대구은행, 대구신용정보, 카드넷 등..."
2021.08.19.,"생존 갈림길 선 지방은행들, 빅테크 기업과 디지털 '생존 협업'",이코노미스트언론사 선정,https://economist.co.kr/2021/08/19/finance/bank/20210819065600655.html,DGB금융그룹은 최근 핀테크 기업 뉴지스탁의 지분 74.03%를 인수하며 그룹 내 10번째 자회사로 편입했다. 그동안... 마이데이터 서비스는 금융회사 등 여러 곳에 흩어진 개인 신용정보를 한곳에 모아 알기 쉽게 보여 주는...
2021.08.26.,"[지역경제 실핏줄 지방은행]〈3〉생존 방안...""지방은행 의무대출 비율 낮추고...",영남일보,https://www.yeongnam.com/web/view.php?key=20210825010003313,마이데이터사업(본인신용정보관리업) 등 빅데이터를 활용한 디지털 전략을 속속 내놓고 있다.지방은행들이... 금융정보를 통합 관리할 수 있다.지난 6월 금융위원회로부터 마이데이터 사업자 예비허가를 받은 DGB금융은...
2021.08.26.,[기획/ 2021 금융IT (21)] A I가 지배하는 금융 보안…올해 어디에 투자하나,디지털데일리,http://www.ddaily.co.kr/news/article.html?no=220753,"DGB대구은행도 올해초 언택트 확대에 따른 디지털 기술의 발전으로 다양하게 발생하는 금융사기를... 개인정보 오남용 모니터링, 개인신용정보  생애주기 관리 통합 보안체계 구축, 빅데이터기반 사용자 행위분석..."
2021.08.26.,기준금리 인상에 은행·보험주 상승,파이낸셜뉴스언론사 선정,http://www.fnnews.com/news/202108261418237002,"52%), DGB금융지주(0.11%) 등 은행주가 상승했다. 보험주도 한화손해보험 주가가 전일에 비해 1.99... 실제로 이날 고려신용정보(6.54%) 등 추심기관의 주가가 급등한 것이 이같은 우려를 반영한 것이라고 윤 센터장은..."
2021.09.01.,은행권 사회경제기업 대출 12% 확대,e대한경제,https://www.dnews.co.kr/uhtml/view.jsp?idxno=202109011223560870316,"지방은행은 DGB대구(317억원), BNK경남(253억원), BNK부산(220억원) 순이었다. 공공부문은 지난 7월말 기준... 신용정보원에 집적돼 있는 사회적경제기업 정보는 정확성과 최신성을 높여 활용도를 높일 전망이다...."
2021.09.06.,"[AI시대, 어디까지 왔나 (1) 프롤로그] 은행권 AI로 피싱 막고 대출심사도 ‘...",한국금융신문,http://www.fntimes.com/html/view.php?ud=202109051630438075dd55077bc2_18,"신한은행 ‘오로라’, KB국민은행 ‘리브톡톡’, 우리은행 ‘위비봇’, 하나은행 ‘HAI’, DGB대구은행... 아울러 AI 시스템 성능을 주기적으로 모니터링하고, 개인신용 정보 오·남용이 없도록 정보보호를 강화해야 한다...."
2021.09.07.,"신용정보협회, 차기 회장 선출작업 개시…오늘 추천서 접수 마감",한국금융신문,http://www.fntimes.com/html/view.php?ud=2021090715162016700d260cda75_18,"하지만 지난 2015년 김희태 우리아비바생명(현 DGB생명) 사장이 제 3대 신용정보협회 회장으로 역임하면서, 첫 민간 출신 회장이 선출된 바 있다. 신용정보협회장의 임기는 3년이며, 현 김근수 회장의 경우 지난 2018년 10월에..."
2021.09.08.,"기업은행·한투증권 등 5개사, 마이데이터 본허가 획득",서울파이낸스,http://www.seoulfn.com/news/articleView.html?idxno=431518,"IBK기업은행, DGB대구은행, 한국투자증권 등 5개사가 본인신용정보관리업(마이데이터) 본허가를 획득했다. 금융위원회는 8일 정례회의를 열고 기업은행, 대구은행, 한국투자증권, 키움증권, LG CNS 등 5개사에 대한..."
2021.09.08.,기업·대구은행 한국투자·키움증권 LGCNS 마이데이터 본허가 획득,비즈니스포스트,https://www.businesspost.co.kr/BP?command=article_view&num=249460,"IBK기업은행, DGB대구은행 등이 본인신용정보관리업(마이데이터) 본허가를 획득했다. 금융위원회는 8일 제16차 정례회의를 열고 마이데이터 허가심사를 했다고 밝혔다. 금융위원회 로고. 기업은행, 대구은행..."
2021.09.10.,[Who Is ?] 김태오 DGB금융지주 대표이사 회장,비즈니스포스트,https://www.businesspost.co.kr/BP?command=article_view&num=249761,"그 직후에 진행된 DGB생명, DGB캐피탈, DGB자산운용, DGB유페이, DGB데이터시스템, DGB신용정보 등 DGB금융그룹 비은행계열사 6곳의 임원인사에서도 인사대상자 13명 가운데 7명을 그룹에서 떠나보내는 큰 폭의 인사교체를..."
2021.09.11.,"""코로나보다 심각할 수도"" 위기감에 북악산 몰려든 CEO·국회의원 [인사이드 ...",매일경제언론사 선정,https://premium.mk.co.kr/view.php?no=30783,"1기 과정에 조순옥 KB신용정보 대표가 참석한 데 이어 2기에는 박정림 KB증권 대표, 우상현 KB국민은행 부행장, 정신동 KB저축은행 감사위원 등 3명이 등록했다. 금융계에선 이 밖에 김태오 DGB금융그룹 회장, 김상태..."
2021.09.13.,"[더벨]'마이데이터 장착' DGB대구은행, 지역금융 차별화 집중",더벨,http://www.thebell.co.kr/front/free/contents/news/article_view.asp?key=202109101405012760102441,DGB대구은행이 지방은행 중 세 번째로 마이데이터 사업자 승인을 얻어냈다. 기본적인 자산관리(WM) 서비스 뿐... 대구은행은 금융위원회로부터 본인신용정보관리업(마이데이터) 본허가 승인을 최근 받았다. 기존...
2021.09.13.,오늘 차기 신용정보협회장 선출한다…임승태·곽범국 등 후보에 올라,한국금융신문,http://www.fntimes.com/html/view.php?ud=202109131351043566ee0209bd21_18,"김근수 회장을 포함해 신용정보협회장에는 통상 기획재정부 출신이 선임됐으며, 우리아비바생명(현 DGB생명) 사장을 역임했던 김희태 전 회장이 민간 출신 중 유일하다."
2021.09.14.,"[더벨]BNK금융, 마이데이터 '나홀로' 미승인…활로 열릴까",더벨,http://www.thebell.co.kr/front/free/contents/news/article_view.asp?key=202109101422058480109170,금융위원회는 본인신용정보관리업(마이데이터) 허가심사를 거쳐 지난 8일 DGB대구은행에 사업 본인가를 내줬다. 이로써 지방은행 중 BNK금융 양행을 제외한 모든 은행들이 마이데이터 서비스를 제공할 수 있는 자격을...
2021.09.15.,"대구은행, 모바일뱅킹 강화 나섰지만...""접속 먹통, OTP 발급 봉변"" 고객 불만...",위키리크스한국,http://www.wikileaks-kr.org/news/articleView.html?idxno=114653,코로나19 이후 비대면 서비스 이용자가 급증함에 따라 DGB대구은행은 자사 모바일앱 '아이엠뱅크'를 활용해... 고객의 신용정보를 가져오고 있다. 하지만 최근 국세청 홈페이지에 재난지원금 수령 여부를 확인하기 위한...
2021.09.15.,[지역경제 실핏줄 지방은행]〈4·끝〉디지털과 관계형 금융에 길이 있다,영남일보,https://www.yeongnam.com/web/view.php?key=20210915010002052,이용자의 신용정보를 취득함으로써 지방은행과 이용자 모두 거래비용을 줄일 수 있다.  자금 공급자와... DGB금융을 포함해 상반기 실적이 성장한 지방 금융지주사들은 은행을 중심으로 디지털 금융 강화에 고삐를...
2021.09.17.,"금융 CEO가 읽고 있는 책, 추석 연휴 동안 나도 한번 읽어볼까?",매경이코노미언론사 선정,http://news.mk.co.kr/v2/economy/view.php?year=2021&no=899432,오가닉 비즈니스(노상규 지음) 최기의 KS신용정보 부회장 “수많은 기업들이 플랫폼을 꿈꾸며 제품... 왜 리더인가(이나모리 가즈오 작) 김태오 DGB금융지주 회장 이나모리 가즈오 회장은 27세에 자본금 3000만 엔(약 3억...
2021.09.24.,[IB토마토]'하이' 키우는 DGB금융…묘수일까 자충수일까,뉴스토마토,http://www.newstomato.com/ReadNews.aspx?no=1075012&inflow=N,현재 DGB금융은 2011년 설립이후 △대구은행 △하이투자증권 △DGB생명보험 △DGB캐피탈 △하이자산운용(구 DGB자산운용) △DGB유페이 △DGB데이터시스템 △DGB신용정보 △하이투자파트너스(구 수림창업투자) 등 9개의...
2021.10.05.,"김지완 BNK금융 회장, ‘시세조종’ 그늘에 사업 확장 제동",뉴스웨이,http://www.newsway.co.kr/news/view?tp=1&ud=2021100513555311914,못하면서 DGB금융이나 JB금융과 같은 경쟁사에 추월을 허용했다. 금융위원회가 ‘시세조종 재판’ 진행 상황을 감안해 심사를 보류한 탓이다. 신용정보업 감독 규정엔 대주주를 상대로 형사소송이 진행되거나 금융위...
2021.10.05.,"DGB금융, 핀테크업체 인수…디지털전환 가속",한국경제,https://www.hankyung.com/economy/article/2021100546991,대구은행은 지난달 금융위원회로부터 마이데이터(본인신용정보관리업) 본허가 승인을 받았다. 연말 출시를 목표로 마이데이터 신규 서비스 개발에 박차를 가하고 있다. DGB금융은 올해 디지털 분야의 가장 큰 화두 중...
2021.10.07.,"한국가스공사, DGB금융그룹 회장의 응원을 받다",점프볼,https://sports.news.naver.com/news.nhn?oid=065&aid=0000221201,"DGB금융그룹은 DGB대구은행, 하이투자증권, DGB생명, DGB캐피탈, 하이자산운용, DGB유페이, DGB데이터시스템, DGB신용정보, 하이투자파트너스를 자회사로 두고 있다. 같은 대구를 연고로 둔 가스공사가 남자 농구단을..."
2021.10.12.,"[증권소식] 파운트, 하나금융투자 등서 400억원 투자유치/박천웅 이스트스프링...",아시아타임즈,https://www.asiatime.co.kr/article/20211012500226,또한 네오밸류전문투자 4호펀드(381세대) 및 최근 한신공영컨소시엄으로 매입 양해각서(MOU)를 체결한 DGB생... 지원 대상자는 신용정보원과 6개 신용평가사를 통해 확인할 수 있다. 12일 한국신용정보원과 전 금융권...
2021.10.15.,"BNK금융, '시세조종' 리스크 직격타···마이데이터·리츠 AMC 돌파구 있나?",시사저널이코노미,http://www.sisajournal-e.com/news/articleView.html?idxno=238805,보류하면서 DGB금융그룹의 대구은행과 JB금융그룹의 전북·광주은행에 뒤처지게됐고 심지어 자체적으로 5년동안 사업을 할 수 없는 상황에 놓였다. 신용정보의 이용 및 보호에 관한 법률 시행령 제6조에 따르면...
2021.10.20.,"저축은행, 제휴 및 협업으로 고객 저변 확대 ‘물꼬’",한국금융신문,http://www.fntimes.com/html/view.php?ud=202110201552243284ee0209bd21_18,"저축은행중앙회는 우리은행, Sh수협은행, DGB대구은행, 전북은행 등과 연계대출 협약을 맺고 영업 채널을... 또한 저축은행업계는 오는 12월부터 본격 시행되는 마이데이터(본인신용정보관리업)에도 대응해나갈 계획이다...."
2021.10.28.,"DGB금융, 3분기 누적 순이익 4200억… 역대 최대",조선비즈언론사 선정,https://biz.chosun.com/stock/finance/2021/10/28/BA7RPDYZH5AQFJDOGCSTNKJWO4/?utm_source=naver&utm_medium=original&utm_campaign=biz,그 밖의 계열사의 경우 ▲DGB생명 120억원 ▲하이자산운용 33억원 ▲DGB데이터시스템 6억원 ▲DGB신용정보 2억원 ▲하이투자파트너스 4억원 등의 순이익을 기록했다. DGB유페이는 5억원의 적자를 기록했다.
2021.10.29.,"[금융사 2021 3분기 실적] 김태오 DGB금융 회장, 디지털‧비은행‧ESG 강화로...",한국금융신문,http://www.fntimes.com/html/view.php?ud=2021102921560575479249a1ae63_18,그 밖에 계열사들은 각각 ▲하이자산운용 33억원 ▲DGB데이터시스템 6억원 ▲DGB신용정보 2억원 ▲하이투자파트너스 4억원 등의 순이익을 거뒀다. DGB유페이는 5억원의 적자를 기록했다. 은경완 메리츠증권 연구원은...
2021.11.01.,"신용정보협회, 차기 회장 인선 해 넘기나",한국금융신문,http://www.fntimes.com/html/view.php?ud=202110300840446737dd55077bc2_18,"임승태 최종 후보자 사퇴로 인선 오리무중 내년 초 대선 마무리 후 선임 가능성 거론 김근수 신용정보협회... (현 DGB생명) 사장을 역임한 첫 민간 출신 인사였던 만큼, 제5대 회장도 민(民) 출신 인사에 무게가 쏠리고 있다는..."
2021.11.03.,정은보 “금융지주내 고객정보 공유 제한 없애겠다”,이데일리,http://www.edaily.co.kr/news/newspath.asp?newsid=02128726629242112,"(본인신용정보관리업) 등 빅데이터를 활용한 영업 활동이 보다 활성화될 전망이다. 정 원장은 이날 오전... 우리금융지주 회장, 김지완 BNK금융지주 회장, 김태오 DGB금융지주 회장, 김기홍 JB금융지주 회장 등이 참석했다."
2021.11.03.,'선물보따리' 푼 정은보…'먼지털이' 종합검사 대폭 손질,이데일리,http://www.edaily.co.kr/news/newspath.asp?newsid=03634246629242112,"(왼쪽부터) 김태오 DGB지주 회장, 김기홍 JB지주 회장, 김정태 하나지주 회장, 정은보 원장, 윤종규 KB지주 회장... (본인신용정보관리업) 등 빅데이터를 활용한 영업 활동이 보다 활성화될 것이란 게 업계 기대다. 다른 지주사..."
2021.11.05.,따뜻한 금융으로 모두가 꿈꾸는 세상 구현… 글로벌 종합금융 도약,동아일보,https://www.donga.com/news/article/all/20211104/110075185/1,"하이투자증권, DGB생명, DGB캐피탈, 하이자산운용, DGB유페이, DGB데이터시스템, DGB신용정보, 그리고 2021년 인수한 벤처캐피탈 하이투자파트너스와 핀테크 기업 뉴지스탁까지 모두 10개의 자회사와 함께 다각화된..."
2021.11.08.,[뉴스락 특별기획⼁지방금융이 살아야 지역경제가 산다 ① DGB금융그룹] 대구...,뉴스락,http://www.newslock.co.kr/news/articleView.html?idxno=48062,계열사로는 DGB대구은행을 비롯해 △하이투자증권 △DGB생명 △DGB캐피탈 △하이자산운용 △DGB유페이 △DGB데이터시스템 △DGB신용정보 △하이투자파트너스 등 다양한 금융분야 자회사를 지주하에 두고 있다. 계열사...
2021.11.12.,‘외형-ESG’ 다 잡은 ‘10살’ DGB금융...남은 숙제는,FETV,https://www.fetv.co.kr/news/article.html?no=100383,"DGB금융은 2011년 5월, 대구은행, 카드넷, 대구신용정보 공동으로 주식의 포괄적 이전 방식으로 설립됐다. 당시 DGB캐피탈까지 포함해 4개였던 계열사는 이후 DGB유페이, DGB데이터시스템이 추가되면서 2015년 총 6개로..."
2021.11.18.,지역민 1%만 가입하는 지방銀 펀드…작년 比 가입 수 ↓,헤럴드경제,http://news.heraldcorp.com/view.php?ud=20211118000204,개인신용정보를 통합해 도출된 정보를 바탕으로 맞춤형 금융 서비스를 추천·제공하는 사업 모델이다. 개인의 소비 및 재무 상황을 분석해 맞춤형 자산관리 서비스가 가능하다. 이에 JB와 DGB금융 모두 마이데이터...
2021.11.22.,"""금융권 수장 모두 모였다"" 마이데이터 산업 기대감↑…신정원, 금융데이터 컨...",매일경제,http://news.mk.co.kr/newsRead.php?no=1088857&year=2021,"고승범 금융위원장 ""정보보호 관리·감독 시스템 구축 적극 지원"" 신현준 신용정보원장 ""금융권 마이데이터... 임성훈 DGB대구은행 행장, 윤호영 카카오뱅크 행장, 서호성 케이뱅크 행장, 방문규 수출입은행 행장, 전영묵..."
2021.11.24.,"10살 BNK금융, 금융 넘어 투자전문사 변신 '시동'",FETV,https://www.fetv.co.kr/news/article.html?no=101515,"당시 부산은행, BS투자증권, BS신용정보, BS캐피탈이 공동으로 주식의 포괄적 이전 방식에 의해... 같은 지방금융지주 내에서도 DGB금융은 비은행 비중이 5년새 4배 이상 뛰며 9월 말 42%를 기록했다. BNK금융 관계자는..."
2021.11.30.,"[THE FINANCE] 스팸 걱정 없고, 24시간 언제든 OK, 나만의 신용보고서까지",디지털타임스,http://www.dt.co.kr/contents.html?article_no=2021120102101963074001&ref=naver,"지난 2018년부터 업계에서 처음으로 건강보험, 통신비 납부 내역 등의 비금융 정보를 활용해 신용점수... 하나은행, DGB대구은행, 스마트저축은행 등과 협업해 앱을 통해 소액대출을 진행하는 △생활비대출 △비상금대출..."
2021.12.02.,"DGB대구은행, 마이데이터 기반 개인자산관리 서비스 오픈",뉴스웨이,http://www.newsway.co.kr/news/view?tp=1&ud=2021120210381993652,"DGB대구은행이 마이데이터 기반 개인자산관리 서비스를 오픈했다고 2일 밝혔다. 마이데이터는 은행과 보험사, 카드사 등에 흩어진 개인신용정보를 모아 새로운 서비스를 제공하는 산업을 뜻한다. 금융위원회로부터..."
2021.12.06.,[2022 업권별 전망-은행] KB 이재근 ‘디지털’·신한 진옥동 ‘글로벌’ 성과...,한국금융신문,http://www.fntimes.com/html/view.php?ud=202112041606064028dd55077bc2_18,이달 본격적으로 막을 연 마이데이터(본인 신용 정보 관리업) 시대에 앞서나가기 위한 다양한 금융 서비스... 지방은행(BNK부산·경남·DGB대구·JB전북·광주·제주)은 지역에 기반을 둔 기업을 주요 고객으로 삼아 영업을...
2021.12.06.,[운용사분석] [하이자산운용] '하이'달고 선봉 나서 '역할론 부각',팍스넷뉴스,https://www.paxnetnews.com/articles/81005,"이와 관련해 금융업계 한 관계자는 ""DGB금융그룹은 지난 2015년 '계열사의 그룹 소속감과 일체감을 고취한다'는 명분 아래 유페이먼트를 'DGB유페이'로, 대구신용정보를 'DGB신용정보'로 변경한 바 있다""며 ""지금처럼 두 개..."
2021.12.13.,"[더벨][2022 임원인사 미리보기]DGB금융, 쇄신보다 안정 필요한 시기",더벨,http://www.thebell.co.kr/front/free/contents/news/article_view.asp?key=202112100949475040102927,"이 밖에 박정홍 하이자산운용 대표, 임효택 DGB신용정보 대표, 김상근 DGB데이터 대표도 임기만료를 앞두고 있다. 박정홍 대표의 경우 임기 2년을 갓 넘겼는데 실적이 좋다는 측면에서 연임가능성이 거론된다. 임효택..."
2021.12.13.,"비은행 계열사 'DGB' 뗀다고?…DGB금융지주 ""사실무근""",매일신문언론사 선정,https://news.imaeil.com/page/view/2021121316072601837,"DGB금융지주는 2015년 '유페이먼트'의 사명을 'DGB유페이'로, 대구신용정보를 'DGB신용정보'로 고친 이후 DGB대구은행, DGB생명, DGB캐피탈, DGB데이터시스템, DGB사회공헌재단 등 'DGB' 브랜드로 일체감을 부여했다. 'DGB..."
2021.12.14.,"여신업계, 디지털 시대에 생존하려면 ‘유연한 조직 변화’가 첫 번째 과제",아주경제,https://www.ajunews.com/view/20211214114600732,"국회의원,DGB캐피탈 서정동 대표,메이슨캐피탈 정현종 대표,아르케인베스트먼트 김상도 대표,JB우리캐피탈... 이어 “마이데이터(본인신용정보관리업) 서비스의 시행과 메타버스 확산은 금융서비스의 또 다른 변곡점이 될..."
2021.12.14.,"“카드사, 내년은 위기이자 기회…메타버스에 올라타라”",이데일리,http://www.edaily.co.kr/news/newspath.asp?newsid=03060246629278520,"마이데이터 플랫폼에 있어선 개인의 신용정보를 일괄 수집·조회해 서비스를 제공하는 안정성과 고객의... 국회의원,DGB캐피탈 서정동 대표,메이슨캐피탈 정현종 대표,아르케인베스트먼트 김상도 대표,JB우리캐피탈..."
2021.12.14.,"빅테크 도전에 변곡점 맞은 여전사...""디지털 재구조화 절실""",소비자가 만드는 신문,http://www.consumernews.co.kr/news/articleView.html?idxno=639533,"국회의원,DGB캐피탈 서정동 대표,메이슨캐피탈 정현종 대표,아르케인베스트먼트 김상도 대표,JB우리캐피탈... ▲김주현 여신금융협회 회장그는 이어 ""캐피탈사도 모바일 앱으로 소매신용대출과 자동차정보서비스 등을..."
2021.12.14.,"DGB금융 비은행 6곳 대표 임기만료 앞둬, 김태오 안정에 무게 둘 듯",비즈니스포스트,https://www.businesspost.co.kr/BP?command=article_view&num=264187,임효택 DGB신용정보 대표와 김상근 DGB데이터 대표는 올해 말 1년 임기를 마치게 된다. 김경규 하이투자증권 대표도 올해 말 임기가 끝나는데 홍원식 전 이베스트투자증권 대표가 후임으로 오는 것으로 정해졌다....
2021.12.15.,[Who Is ?] 민기식 푸르덴셜생명 대표이사 사장,비즈니스포스트,https://www.businesspost.co.kr/BP?command=article_view&num=264295,"왼쪽부터 민구식 DGB신용정보 대표이사, 소근 DGB유페이 대표이사, 이윤규 DGB자산운용 대표이사, 민 사장, 김태오 회장, 김경규 하이투자증권 대표잉사, 김형식 DGB데이터시스템 대표이사가 보인다. △DGB생명..."
2021.12.17.,세대교체냐 안정이냐…지방금융지주도 인사 앞두고 어수선,헤럴드경제,http://news.heraldcorp.com/view.php?ud=20211217000250,"이미 교체가 결정된 하이투자증권 외에도 하이자산운용, DGB유페이, DGB캐피탈, DGB신용정보, DGB데이터 등의 대표 임기가 곧 만료되지만, 비은행 계열사의 실적 기여도가 크게 높아졌고, 사업의 전문성으로 인해 계열사..."
2021.12.20.,지방금융 계열사 CEO 인사 임박…세대교체 할까,연합인포맥스,http://news.einfomax.co.kr/news/articleView.html?idxno=4189628,"김경규 하이투자증권 대표, 박정홍 하이자산운용 대표, 소근 DGB유페이 대표, 서정동 DGB캐피탈 대표, 임효택 DGB신용정보 대표, 김상근 DGB데이터시스템 등이 해당된다. 하이투자증권은 이미 새 대표이사로 홍원식 전..."
2021.12.21.,"[2021 보험업계 결산]①생보사, '공룡 GA' 출범",보험매일,http://www.fins.co.kr/news/articleView.html?idxno=92250,"교보생명과 동양생명, DGB생명, 하나생명도 자회사형 GA 설립을 검토하고 있다. 교보생명의 경우 수년... 또한 생보사들의 마이데이터(본인신용정보관리업) 사업 진출도 더욱 확대될 것으로 보인다. 마이데이터는..."
2021.12.22.,"지방은행, 마이데이터로 지역 한계 넘을까?",글로벌이코노믹,http://www.g-enews.com/ko-kr/news/article/news_all/20211220004444781194b6db5823_1/article.html,(본인신용정보관리업) 경쟁의 막이 올랐다. 시중은행과 인터넷전문은행 사이에서 경쟁력을 잃은... DGB금융지주 계열사인 대구은행은 본인가를 획득해 마이데이터 기반 개인자산관리 서비스를 시행한다. 사업자 허가를...
2021.12.22.,"정찬우 전 DGB신용정보(주) 대표이사, 팔공CC 대표이사 취임",매일신문,https://news.imaeil.com/page/view/2021122215115547883,"정찬우 전 DGB신용정보(주) 대표이사가 20일 팔공컨트리클럽 대표이사 사장으로 취임했다. 정 신임 대표는 경북대 경제학과 출신으로 1987년 대구은행에 입행하여 경영기획본부 본부장, 리스크관리본부 부행장 등을..."
2021.12.23.,[IB토마토]지방금융 꼴찌 JB금융…김기홍 회장 연임 후 무거운 당면과제,뉴스토마토,http://www.newstomato.com/ReadNews.aspx?no=1094934&inflow=N,DGB금융지주(139130)도 △하이투자증권 △DGB생명 △DGB캐피탈 △하이자산운용 △DGB유페이 △DGB데이터시스템 △DGB신용정보 △하이투자파트너스 △뉴지스탁 등 9개의 자회사를 거느리고 있다. 이들 지방금융지주는...
2021.12.28.,스타벅스 쿠폰부터 구찌 지갑까지…은행·카드사 마이데이터 이벤트 출혈 경쟁,한국금융신문,http://www.fntimes.com/html/view.php?ud=202112280933541095ee0209bd21_18,다음달 1일부터 마이데이터 전면 시행 내년 1월부터 본격 시행되는 마이데이터(본인신용정보관리업)를... 지방은행에서는 BNK부산은행과 DGB대구은행 등이 마이데이터 이벤트를 실시하고 있다. BNK부산은행은 다음달...
2021.12.28.,2021년 포용금융으로 빛난 은행은?,시사오늘,http://www.sisaon.co.kr/news/articleView.html?idxno=134867,NH농협은행·DGB대구은행에게 우수상을 수여했다고 밝혔다. NH농협은행은 올해 저신용·저소득 계층이 이용할... 관계형 금융이란 금융사가 재무·신용등급 등 정량적 정보에만 의존하지 않고 기업에 대한 지속적 거래...
2021.12.29.,'맴도는' DGB금융 회장님 리스크,일요시사,https://www.ilyosisa.co.kr/news/article.html?no=232718,지주사인 DGB금융지주를 비롯해 ▲DGB대구은행 ▲하이투자증권 ▲DGB생명 ▲DGB캐피탈 ▲하이자산운용 ▲DGB유페이 ▲DGB데이터시스템 ▲DGB신용정보 ▲하이투자파트너스 등이 소속돼있다. 회사는 풍년인데...
2021.12.30.,"[증권소식] 올해 코스피 3.6% 올라 G20 18위…코스닥, 6.7% 상승/ISA 가입자,...",아시아타임즈,https://www.asiatime.co.kr/article/20211230500384,"홍 대표는 앞서 DGB금융지주 그룹임원후보추천위원회에서 하이투자증권 대표이사 후보자로 추천을... ◆ 신현준 한국신용정보원장은 30일 ""신용정보원이 데이터 융합 시대를 선도해 각 산업의 데이터를 금융 분야에..."
2021.12.31.,'전문성·디지털'로 위드코로나 맞이…지방은행권 인사·조직 개편,미디어펜,http://www.mediapen.com/news/view/689859,"30일 금융권에 따르면, BNK부산·BNK경남·DGB대구·JB광주·JB전북 등 5대 지방은행들이 연말 인사조직개편에... 대구은행 관계자에 따르면, 이숭인 상무가 부행장보로 승진한 데 이어, 개인신용정보보호를 맡는 'CIS'부문에..."
2022.01.02.,[뉴스락 특별기획｜지방금융이 살아야 지역경제가 산다 ② BNK금융그룹] 실적...,뉴스락,http://www.newslock.co.kr/news/articleView.html?idxno=51714,"비롯해 △BNK캐피탈 △BNK투자증권 △BNK저축은행 △BNK자산운용 △BNK신용정보 등을 거느리고 있다. 주력... JB·DGB·BNK금융그룹 '3분기 경영실적 발표자료'에 따르면, JB금융 전북은행·광주은행의 3분기 원화대출금 중..."
2022.01.03.,"DGB금융그룹, 메타버스 시무식 개최…계열사 CEO 총출동",글로벌경제,http://www.getnews.co.kr/news/articleView.html?idxno=566829,"최태곤 DGB신용정보 대표, 권준희 하이투자파트너스 대표, 문경록·문호준 뉴지스탁 대표 등이다. DGB금융그룹은 코로나19 장기화로 디지털금융 확산 및 비대면 트렌드 전환에 따라 그룹 CEO들의 디지털 경험도를..."
2022.01.03.,"DGB금융, 2021년 시무식...""ONE DGB 시너지 역량 강화""",FETV,https://www.fetv.co.kr/news/article.html?no=105368,"최태곤 DGB신용정보 대표, 권준희 하이투자파트너스 대표, 문경록·문호준 뉴지스탁 대표 등이다. 김 회장은 신년사를 통해 “코로나19 불확실성 속에서도 그룹 설립 이래 최대 실적을 기록하며 우리의 저력을..."
2022.01.03.,[신년사]김태오 DGB금융 회장 “생각의 전환으로 4차 산업혁명 시대 대응”,뉴스웨이,http://www.newsway.co.kr/news/view?tp=1&ud=2022010315364674704,대표 ▲최태곤 DGB신용정보 대표 ▲권준희 하이투자파트너스 대표 ▲문경록·문호준 뉴지스탁 대표 등이 참석했다. 이 자리에서 김태오 회장은 ‘오징어 게임’ 제작사인 넷플릭스를 사례로 들며 “파괴적 혁신...
2022.01.03.,"DGB금융그룹, '메타버스 시무식' 개최…계열사 CEO 총출동",지이코노미,https://www.geconomy.co.kr/news/article.html?no=221268,"최태곤 DGB신용정보 대표, 권준희 하이투자파트너스 대표, 문경록·문호준 뉴지스탁 대표 등이다. DGB금융그룹은 코로나19 장기화로 디지털금융 확산 및 비대면 트렌드 전환에 따라 그룹 CEO들의 디지털 경험도를..."
2022.01.03.,"[신년사]김태오 DGB금융 회장 ""하나된 DGB로 시너지 강화하자""",미디어펜,http://www.mediapen.com/news/view/690959,"대표, 신임 도만섭 DGB데이터시스템 대표, 신임 최태곤 DGB신용정보 대표, 권준희 하이투자파트너스 대표, 문경록·문호준 뉴지스탁 대표 등 계열사 대표이사 11명이 참석했다. 또 각 계열사 MZ세대 직원들이 참여했다."
2022.01.03.,"DGB금융, 메타버스 시무식 개최…김태오 회장 ""'원팀' 시너지"" 주문",아주경제,https://www.ajunews.com/view/20220103165630008,"서정동 DGB캐피탈 대표, 박정홍 하이자산운용 대표, 신임 김윤국 DGB유페이 대표, 신임 도만섭 DGB데이터시스템 대표, 신임 최태곤 DGB신용정보 대표, 권준희 하이투자파트너스 대표, 문경록·문호준 뉴지스탁 대표 등이다."
2022.01.03.,"DGB금융, 계열사 CEO·MZ세대와 메타버스 시무식 개최",시장경제신문,http://www.meconomynews.com/news/articleView.html?idxno=61963,"최태곤 DGB신용정보 대표, 권준희 하이투자파트너스 대표, 문경록·문호준 뉴지스탁 대표 등이다. DGB금융그룹 관계자는 ""코로나 장기화로 비대면 트렌드에 따라 그룹 CEO들의 디지털 경험도를 높이고 DGB의 미래 핵심..."
2022.01.03.,"DGB금융, 김태오 회장부터 CEO까지 메타버스 속으로",이코노믹리뷰,http://www.econovill.com/news/articleView.html?idxno=560931,"최태곤 DGB신용정보 대표, 권준희 하이투자파트너스 대표, 문경록·문호준 뉴지스탁 대표 등이다. DGB금융그룹은 코로나19 장기화로 디지털금융 확산 및 비대면 트렌드 전환에 따라 그룹 CEO들의 디지털 경험도를 높이고..."
2022.01.03.,"김태오 DGB금융 회장 ""ONE DGB 시너지 역량 강화”",핀포인트뉴스,http://www.pinpointnews.co.kr/view.php?ud=202201031742233019c642673384_45,"최태곤 DGB신용정보 대표, 권준희 하이투자파트너스 대표, 문경록•문호준 뉴지스탁 대표 등이다. DGB금융그룹은 코로나19 장기화로 디지털금융 확산 및 비대면 트렌드 전환에 따라 그룹 CEO들의 디지털 경험도를..."
2022.01.03.,"김태오 DGB금융 회장 “‘ONE TEAM, ONE DGB 시너지 역량 강화”",스마트에프엔,http://www.smartfn.co.kr/view.php?ud=20220103171422441247648fe0a_46,"최태곤 DGB신용정보 대표, 권준희 하이투자파트너스 대표, 문경록·문호준 뉴지스탁 대표 등이다. DGB금융은 코로나19 장기화로 디지털금융 확산 및 비대면 트렌드 전환에 따라 그룹 CEO들의 디지털 경험도를 높이고..."
2022.01.03.,"DGB금융그룹, 메타버스 활용 이색 시무식…계열사 CEO와 MZ세대 직원들 소...",시사뉴스,https://www.sisa-news.com/news/article.html?no=185356,"최태곤 DGB신용정보 대표, 권준희 하이투자파트너스 대표, 문경록·문호준 뉴지스탁 대표 등이다. DGB금융그룹은 코로나19 장기화로 디지털금융 확산 및 비대면 트렌드 전환에 따라 그룹 CEO들의 디지털 경험도를..."
2022.01.03.,"DGB금융, 메타버스 시무식 눈길… 계열사 CEO 총출동",경북도민일보,http://www.hidomin.com/news/articleView.html?idxno=473028,"최태곤 DGB신용정보 대표, 권준희 하이투자파트너스 대표, 문경록·문호준 뉴지스탁 대표 등이다. 김태오 회장은 신년사를 통해 ""코로나19 불확실성 속에서도 그룹 설립 이래 최대 실적을 기록하며 우리의 저력을..."
2022.01.03.,"DGB금융 회장 김태오 신년사, “넷플릭스처럼 늘 꿈꾸고 도전해야”",비즈니스포스트,https://www.businesspost.co.kr/BP?command=article_view&num=267036,"대표이사, 김윤국 DGB유페이 대표이사, 도만섭 DGB데이터시스템 대표이사, 최태곤 DGB신용정보 대표이사, 권준희 하이투자파트너스 대표이사, 문경록·문호준 뉴지스탁 대표이사 등이 참석했다. [비즈니스포스트 ]"
2022.01.03.,"DGB금융그룹, 메타버스 시무식 개최",경상매일신문,http://www.ksmnews.co.kr/default/index_view_page.php?idx=363831&part_idx=291,"최태곤 DGB신용정보 대표, 권준희 하이투자파트너스 대표, 문경록·문호준 뉴지스탁 대표 등이다.DGB금융그룹은 코로나19 장기화로 디지털금융 확산 및 비대면 트렌드 전환에 따라 그룹 CEO들의 디지털 경험도를 높이고..."
2022.01.03.,"DGB금융, CEO-MZ세대 '메타버스 시무식'으로 소통 강화",신아일보,http://www.shinailbo.co.kr/news/articleView.html?idxno=1501542,"최태곤 DGB신용정보 대표, 권준희 하이투자파트너스 대표, 문경록·문호준 뉴지스탁 대표 등이 참석했다. 김태오 회장은 메타버스 시무식을 통해 ""2018년부터 정도경영을 최우선 과제로 삼고 고객의 신뢰에 부응하는..."
2022.01.04.,"마이데이터 서비스, 오는 5일 전면 시행",파이낸셜신문,http://www.efnews.co.kr/news/articleView.html?idxno=93675,"금융위원회와 금융감독원은 본인신용정보관리업(마이데이터) 서비스가 한 달간의 시범서비스 기간을... 은행권에서는 KB국민, NH농협, 신한, 우리, IBK기업, 우리, DGB대구, SC제일, 광주, 전북은행 등 10곳이 서비스를..."
2022.01.06.,"[더벨]DGB금융, 계열사 CEO 대거 교체 '혁신 택했다'",더벨,http://www.thebell.co.kr/front/free/contents/news/article_view.asp?key=202201041819226320105847,"지난해 12월 31일 임기가 만료된 DGB금융 계열사 CEO는 서정동 대표와 소근 대표, 박정홍 하이자산운용 대표, 김상근 DGB데이터 대표, 임효택 DGB신용정보 대표 등이다. 모두 임기 연장 이슈가 있었는데 이번에 대부분..."
2022.01.06.,"대구은행-포항시-KT, ‘빅데이터 산업 육성’ 협약",한국금융신문,http://www.fntimes.com/html/view.php?ud=2022010620123286709249a1ae63_18,"기자] DGB대구은행(은행장 임성훈)은 포항시(시장 이강덕), KT(대표 구현모)와 빅데이터를 매개로 한 포괄적... 특히 지난 9월 본인 신용 정보 관리업(마이데이터) 사업자 본 허가를 취득해 마이데이터 기반 개인 자산관리..."
2022.01.10.,"[오늘Who] 김태오 DGB금융 친정체제 강화, 미래 경쟁력 위한 포석",비즈니스포스트,https://www.businesspost.co.kr/BP?command=article_view&num=267906,"DGB유페이, DGB신용정보, DGB데이터시스템 등 3곳 계열사는 김윤국 대표, 최태곤 대표, 도만섭 대표가 각각 이끈다. 하이투자증권은 홍원식 전 이베스트투자증권 대표에게 맡겨졌다. DGB캐피탈 대표에는 김병희 전..."
2022.01.11.,김태오 DGB금융 회장 지략 통했다…새해 DT·수도권 공략에 '최대 순익',아주경제,https://www.ajunews.com/view/20220110072848609,"회장 ""원DGB 창출…계열사 연계 경영효율↑"" 김태오 DGB금융그룹 회장 [사진=DGB금융] [데일리동방] 김태오... 아울러 이달 막을 올린 마이데이터(본인 신용정보관리업) 서비스 등을 연계한 혁신금융서비스, 디지털금융..."
2022.01.19.,"[은행의 뿌리를 찾아서⑩] 대구은행, 최초의 지방은행에서 '백년은행'을 꿈꾸...",글로벌이코노믹,http://www.g-enews.com/ko-kr/news/article/news_all/2022011417460159469d71c7606b_1/article.html,"◆백년은행을 꿈꾸는 패스트 팔로워…지역과 함께 혁신의 문 두드려 DGB금융그룹은 출범 이후 ‘메트로아시아캐피탈’을 인수했으며, ‘DGB데이터시스템’을 설립했다. 여기에 기존 자회사인 대구신용정보와..."
2022.01.21.,"보험업계 '검은 호랑이' CEO들, 디지털 역량 강화로 용맹 떨친다",인사이트코리아,http://www.insightkorea.co.kr/news/articleView.html?idxno=94586,"지난해 7월 보험업권 최초로 본인신용정보관리업(마이데이터) 본허가를 획득했고, 11월 디지털 기술을... 2019년부터 DGB생명 대표를 맡아오다가 2020년 8월 푸르덴셜생명 수장 자리에 올랐다. 민 대표는 디지털 전환..."
2022.01.24.,‘구독’과 ‘좋아요’… 은행장들 유튜브 경쟁 뜨겁다,한국금융신문,http://www.fntimes.com/html/view.php?ud=202201212329368412dd55077bc2_18,지난 12일 하나은행 유튜브 채널 &lt;하나TV&gt;를 통해 진행한 본인 신용 정보관리업(마이데이터 서비스) 홍보... 다닌다는 DGB대구은행은 최근 디지털을 통한 소통과 브랜드 이미지 제고를 위해 대국민 사회관계망 서비스(SNS)...
2022.01.24.,오늘부터 중신용 소상공인 희망플러스 특례보증' 접수,컨슈머타임스,http://www.cstimes.com/news/articleView.html?idxno=487053,나이스평가정보 기준 신용점수 745~919점(구 신용등급 2~5등급)이며 총 38만개사에 3조8000억원 규모가 공급된다. KB국민·IBK기업·NH농협·신한·우리·하나 6개 시중은행과 BNK부산·DGB대구 2개 지방은행의 모바일...
2022.01.24.,주택담보대출 비교 플랫폼 '태동'...담비·뱅크몰 영업 박차,ZDNet Korea언론사 선정,https://zdnet.co.kr/view/?no=20220124155950,"주택 담보 대출 비교 플랫폼은 고객이 개인 신용정보 등을 입력하면 이에 맞는 대출 상품을 추천해준다.... 담비 측은 ""BNK부산은행과 DGB대구은행·SBI저축은행 제휴도 1분기 중 이뤄질 것""이라고 설명했다. 뱅크몰은 올해..."
2022.01.30.,[싱글 파이낸스]② 마이데이터로 계획 세우고 IRP로 노후 대비,조선비즈언론사 선정,https://biz.chosun.com/stock/finance/2022/01/30/L26BBU7AYZA3DLYC2SJD5XDJOQ/?utm_source=naver&utm_medium=original&utm_campaign=biz,대부분 금융사는 마이데이터(본인신용정보관리업) 서비스를 적용해 개개인의 필요에 맞는 자금 계획을... 대부분의 증권사와 우리·IBK기업·BNK부산·DGB대구은행 등이 펼치고 있는 IRP 수수료 면제 정책이 그 예다. 특히나...
2022.02.07.,"DGB금융그룹, 계단 챌린지로 ESG 경영 실천",뉴시스,http://www.newsis.com/view/?id=NISX20220207_0001748801&cID=10810&pID=10800,"이번 캠페인은 DGB금융지주를 첫 시작으로 3월 DGB대구은행, 4월 DGB신용정보 및 DGB유페이 등 전 계열사로 확산하고, 혹서기 나 휴가 집중 기간을 제외하고 연중 릴레이 방식으로 추진한다. 특히 이번 캠페인과 지역사회..."
2022.02.07.,"DGB금융그룹 ""계단 챌린지로 ESG 실천 GO""",대한금융신문,http://www.kbanker.co.kr/news/articleView.html?idxno=203111,"본 캠페인은 DGB금융지주를 첫 시작으로 3월 DGB대구은행, 4월 DGB신용정보 및 DGB유페이 등 전 계열사로 확산하고, 혹서기 또는 휴가 집중 기간을 제외하고 연중 릴레이 방식으로 추진한다. 특히 이번 캠페인과 지역사회..."
2022.02.07.,"DGB금융, 임직원 계단 오르기 캠페인 실시",데일리안,https://www.dailian.co.kr/news/view/1080304/?sc=Naver,"해당 캠페인은 DGB금융지주를 첫 시작으로 오는 3월 DGB대구은행, 4월 DGB신용정보 및 DGB유페이 등 전 계열사로 확산하고, 혹서기 또는 휴가 집중 기간을 제외하고 연중 릴레이 방식으로 추진한다. 특히 캠페인과..."
2022.02.07.,"DGB금융, 연중 계단 오르기 캠페인",파이낸셜뉴스,http://www.fnnews.com/news/202202071125318447,"이번 캠페인은 DGB금융지주를 첫 시작으로 3월 DGB대구은행, 4월 DGB신용정보 및 DGB유페이 등 전 계열사로 확산하고, 혹서기 또는 휴가 집중 기간을 제외하고 연중 릴레이 방식으로 추진한다. 특히 이번 캠페인과 지역사회..."
2022.02.07.,"DGB금융 “계단 챌린지로 ESG 실천""",FETV,https://www.fetv.co.kr/news/article.html?no=107894,"본 캠페인은 DGB금융지주를 첫 시작으로 3월 DGB대구은행, 4월 DGB신용정보 및 DGB유페이 등 전 계열사로 확산하고, 혹서기 또는 휴가 집중 기간을 제외하고 연중 릴레이 방식으로 추진한다. 특히 이번 캠페인과..."
2022.02.07.,"DGB금융 계단 오르기 캠페인…""ESG 경영 실천""",연합뉴스,http://yna.kr/AKR20220207073100053?did=1195m,"DGB금융지주를 시작으로 다음 달 DGB대구은행, 4월에 DGB신용정보와 DGB유페이 등 전 계열사로 확산해 혹서기 또는 휴가집중기간을 제외하고 연중 릴레이 방식으로 추진한다. DGB금융은 캠페인을 지역사회 기부..."
2022.02.07.,"DGB금융, ‘계단 오르기 캠페인’으로 ESG 실천",한국금융신문,http://www.fntimes.com/html/view.php?ud=2022020711421442249249a1ae63_18,"이번 캠페인은 DGB금융지주가 처음 시작해 오는 3월에는 DGB대구은행(은행장 임성훈), 4월에는 DGB신용정보(대표이사 박대면)‧DGB유페이(대표이사 소근) 등 전 계열사로 확산될 예정이다. 혹서기나 휴가 집중 기간을..."
2022.02.07.,"DGB금융, 계단 챌린지로 ESG경영 실천 앞장",아시아투데이,https://www.asiatoday.co.kr/view.php?key=20220207010002373,"이번 캠페인은 DGB금융지주를 첫 시작으로 3월 DGB대구은행, 4월 DGB신용정보 및 DGB유페이 등 전 계열사로 확산한다. 혹서기 또는 휴가 집중 기간을 제외하고 연중 릴레이 방식으로 추진할 계획이다.특히 지역사회 기부..."
2022.02.07.,"DGB금융, 계단 오르기 캠페인",서울경제,https://www.sedaily.com/NewsView/2621RTYA6Z,"캠페인은 DGB금융지주를 시작으로 3월 DGB대구은행, 4월 DGB신용정보 및 DGB유페이 등 전 계열사로 확대하고 혹서기 또는 휴가 집중 기간을 제외하고 연중 릴레이 방식으로 추진한다. 특히 이번 캠페인과 지역사회 기부..."
2022.02.07.,"DGB금융그룹, 임직원 계단 오르기로 탄소 줄이기…ESG 경영 강화",CEO스코어데일리,https://www.ceoscoredaily.com/page/view/2022020711145336894,"본 캠페인은 DGB금융지주를 첫 시작으로 3월 DGB대구은행, 4월 DGB신용정보 및 DGB유페이 등 전 계열사로 확산하고, 혹서기 또는 휴가 집중 기간을 제외하고 연중 릴레이 방식으로 추진한다. 계단 챌린지에 직접 참여한..."
2022.02.07.,DGB금융그룹 “계단 챌린지로 ESG 실천 GO”,스마트에프엔,http://www.smartfn.co.kr/view.php?ud=20220207142333504247648fe0a_46,"캠페인은 DGB금융지주를 첫 시작으로 3월 DGB대구은행, 4월 DGB신용정보 및 DGB유페이 등 전 계열사로 확산하고, 혹서기 또는 휴가 집중 기간을 제외하고 연중 릴레이 방식으로 추진한다. 특히 이번 캠페인과 지역사회..."
2022.02.07.,"DGB금융그룹, 2022 계단 챌린지‥건강 오르GO! 탄소 내리GO!",더퍼블릭,http://thepublic.kr/news/newsview.php?ncode=1065590069478829,"본 캠페인은 DGB금융지주를 첫 시작으로 3월 DGB대구은행, 4월 DGB신용정보 및 DGB유페이 등 전 계열사로 확산하는 등 연중 릴레이 방식으로 추진한다. 출근·점심시간 등을 활용해 계단 활용 횟수를 측정하는 본..."
2022.02.07.,"김태오 DGB금융그룹 회장, 계단 운동 통해 임직원 건강 증진 도모 및 탄소 절...",국제뉴스,http://www.gukjenews.com/news/articleView.html?idxno=2403221,"김태오 회장은 ""본 캠페인은 DGB금융지주를 첫 시작으로 3월 DGB대구은행, 4월 DGB신용정보 및 DGB유페이 등 전 계열사로 확산하고, 혹서기 또는 휴가 집중 기간을 제외하고 연중 릴레이 방식으로 추진한다.""고 말했다...."
2022.02.07.,DGB금융그룹 '2022 계단 챌린지',위클리오늘,http://www.weeklytoday.com/news/articleView.html?idxno=455908,"본 캠페인은 DGB금융지주를 첫 시작으로 3월 DGB대구은행, 4월 DGB신용정보 및 DGB유페이 등 전 계열사로 확산하고 혹서기 또는 휴가 집중 기간을 제외하고 연중 릴레이 방식으로 추진한다. 특히 이번 캠페인과..."
2022.02.07.,DGB금융그룹·DGB대구은행·동아백화점·NC아울렛 [대구소식],쿠키뉴스,http://www.kukinews.com/newsView/kuk202202070100,"캠페인은 DGB금융지주를 시작으로 3월 DGB대구은행, 4월 DGB신용정보 및 DGB유페이 등 전 계열사로 확산하고, 혹서기 또는 휴가 집중 기간을 제외하고 연중 릴레이 방식으로 추진된다. 특히 이번 캠페인과 지역사회 기부..."
2022.02.07.,"DGB금융 '계단 챌린지' 눈길 ""ESG 생활화""... 김태오 회장도 직접 참가",푸드경제신문 organiclife,https://www.iloveorganic.co.kr/news/articleView.html?idxno=333281,"DGB금융 관계자는 ""이번 캠페인은 DGB금융지주를 첫 시작으로 3월 DGB대구은행, 4월 DGB신용정보 및 DGB유페이 등 전 계열사로 확산하고, 혹서기 또는 휴가 집중 기간을 제외하고 연중 릴레이 방식으로 추진한다""면서..."
2022.02.07.,"DGB금융그룹, '계단 챌린지로 ESG 실천 GO' 캠페인",시장경제신문,http://www.meconomynews.com/news/articleView.html?idxno=63108,"DGB금융지주를 첫 시작으로 3월 DGB대구은행, 4월 DGB신용정보과 DGB유페이 등 전 계열사로 확대하고, 혹서기 또는 휴가 집중 기간을 제외하고 연중 릴레이 방식으로 추진할 예정이다. DGB금융 관계자는 ""지역사회 기부..."
2022.02.07.,"김태호 DGB금융 회장, 계단 챌린지로 임직원 건강증진과 탄소 절감 앞장",핀포인트뉴스,http://www.pinpointnews.co.kr/view.php?ud=202202071613404572c642673384_45,"본 캠페인은 DGB금융지주를 첫 시작으로 3월 DGB대구은행, 4월 DGB신용정보 및 DGB유페이 등 전 계열사로 확산하고, 혹서기 또는 휴가 집중 기간을 제외하고 연중 릴레이 방식으로 추진한다. 특히 이번 캠페인과 지역사회..."
2022.02.07.,DGB금융그룹 “계단 챌린지로 ESG 실천 GO”,매일신문,https://news.imaeil.com/page/view/2022020716231216985,"이 캠페인은 DGB금융지주를 첫 시작으로 3월 DGB대구은행, 4월 DGB신용정보 및 DGB유페이 등 전 계열사로 확산하고, 혹서기 또는 휴가 집중 기간을 제외하고 연중 릴레이 방식으로 추진한다. 특히 이번 캠페인과 지역사회..."
2022.02.07.,"DGB금융그룹, “계단 챌린지로 ESG 실천 GO”",지이코노미,https://www.geconomy.co.kr/news/article.html?no=240035,"본 캠페인은 DGB금융지주를 첫 시작으로 3월 DGB대구은행, 4월 DGB신용정보 및 DGB유페이 등 전 계열사로 확산하고, 혹서기 또는 휴가 집중 기간을 제외하고 연중 릴레이 방식으로 추진한다. 특히 이번 캠페인과..."
2022.02.07.,“계단 오를때마다 기부금 적립” DGB금융 사내 캠페인,파이낸셜뉴스,http://www.fnnews.com/news/202202071814156032,"이번 캠페인은 DGB금융지주를 시작으로 3월 DGB대구은행, 4월 DGB신용정보 및 DGB유페이 등 전 계열사로 확산하고 혹서기 또는 휴가 집중기간을 제외하고 연중 릴레이 방식으로 추진한다. 특히 이번 캠페인과 지역사회..."
2022.02.07.,"DGB금융그룹 ""건강 올리고 탄소 내리고""",경북도민일보,http://www.hidomin.com/news/articleView.html?idxno=475780,"캠페인은 DGB금융지주를 첫 시작으로 3월 DGB대구은행, 4월 DGB신용정보 및 DGB유페이 등 전 계열사로 확산하고, 혹서기 또는 휴가 집중 기간을 제외하고 연중 릴레이 방식으로 추진한다. 특히 이번 캠페인과 지역사회..."
2022.02.07.,"DGB금융그룹, 계단 챌린지로 ESG 실천",경북신문,http://www.kbsm.net/default/index_view_page.php?idx=338157&part_idx=320,"캠페인은 DGB금융지주를 첫 시작으로 3월 DGB대구은행, 4월 DGB신용정보 및 DGB유페이 등 전 계열사로 확산하고 혹서기 또는 휴가 집중 기간을 제외하고 연중 릴레이 방식으로 추진한다.특히 이번 캠페인과 지역사회..."
2022.02.07.,"DGB금융그룹, '계단 챌린지'로 ESG 실현",경북매일신문,http://www.kbmaeil.com/news/articleView.html?idxno=920864,"캠페인은 DGB금융지주를 첫 시작으로 3월 DGB대구은행, 4월 DGB신용정보 및 DGB유페이 등 전 계열사로 확산하고, 혹서기 또는 휴가 집중 기간을 제외하고 연중 릴레이 방식으로 추진한다. 또 올해 말 전 계열사가 참여한..."
2022.02.07.,"DGB금융 ""계단 이용하고 ESG 실천""",대구신문,https://www.idaegu.co.kr/news/articleView.html?idxno=371767,"이번 캠페인은 DGB금융지주를 첫 시작으로 3월 DGB대구은행, 4월 DGB신용정보 및 DGB유페이 등 전 계열사로 확산하고, 혹서기 또는 휴가 집중 기간을 제외하고 연중 릴레이 방식으로 추진한다. 특히 이번 캠페인과..."
2022.02.07.,DGB금융그룹 “건강 오르GO 탄소 내리GO”,경상매일신문,http://www.ksmnews.co.kr/default/index_view_page.php?idx=367530&part_idx=291,"캠페인은 DGB금융지주를 첫 시작으로 3월 DGB대구은행, 4월 DGB신용정보 및 DGB유페이 등 전 계열사로 확산하고, 혹서기 또는 휴가 집중 기간을 제외하고 연중 릴레이 방식으로 추진한다.특히 이번 캠페인과 지역사회..."
2022.02.08.,"[포토뉴스] DGB금융, 계단 챌린지…""ESG 실천 GO""",오늘경제,http://www.startuptoday.co.kr/news/articleView.html?idxno=93438,"DGB금융지주를 첫 시작으로 3월 DGB대구은행, 4월 DGB신용정보 및 DGB유페이 등 전 계열사로 확산하고, 혹서기 또는 휴가 집중 기간을 제외하고 연중 릴레이 방식으로 추진한다는 계획이다. 특히 이번 캠페인과 지역사회..."
2022.02.08.,"DGB금융그룹, 건강·환경 챙기는 '2022 계단 챌린지' 추진",경북일보,http://www.kyongbuk.co.kr/news/articleView.html?idxno=2093684,"캠페인은 DGB금융지주를 첫 시작으로 3월 DGB대구은행, 4월 DGB신용정보 및 DGB유페이 등 전 계열사로 확산하고, 혹서기 또는 휴가 집중 기간을 제외하고 연중 릴레이 방식으로 추진한다. 계단 챌린지에 직접 참여한..."
2022.02.17.,9% 금리 ‘청년희망적금’… 판매 경쟁 불붙다,한국금융신문,http://www.fntimes.com/html/view.php?ud=2022021711231725769249a1ae63_18,"현재 11개 시중은행(KB국민‧신한‧하나‧우리‧NH농협‧IBK기업‧BNK부산‧DGB대구‧광주‧전북‧제주)이... 본인 신용 정보관리업(마이데이터) 서비스 및 은행 인증서 가입과의 연동, 마케팅 동의 등에 응하면..."
2022.02.21.,"1961년생들, 한국 금융의 '미래' 그리다",FETV,https://www.fetv.co.kr/news/article.html?no=108891,"이들 외에도 최석종 KTB금융그룹 부회장, 박봉권 교보증권 사장, 배재규 한국투자신탁운용 사장, 김성한 DGB생명 사장, 신명혁 우리금융저축은행 사장, 최광수 NH저축은행 사장, 이기준 신한신용정보 사장, 강동훈..."
2022.02.27.,지주사 본사를 대구에 둔 기업은 몇개나 될까,영남일보,https://www.yeongnam.com/web/view.php?key=20220227010003366,"당시 DGB금융지주(북구 침산동)는 대구은행을 비롯해 대구신용정보, 카드넷(현 DGB 유페이)를 자회사로 둔 상태로 지주사로 변모했다. 이후 하이투자증권, 하이자산운용, 하이투자파트너스(벤처캐피탈), 뉴지스탁..."
2022.02.28.,포스코 지주사 U턴으로 '제2 영일만 기적'을,대구신문,https://www.idaegu.co.kr/news/articleView.html?idxno=373897,"DGB금융지주의 경우 대구은행, 대구신용정보, 하이투자증권, 하이자산운용 등을 인수·합병해 지금은 10개의 계열사를 둔 금융그룹으로 발전했다. 국내 산업용로봇 생산 1위 기업인 현대로보틱스는 울산에서 대구로..."
2022.03.04.,DGB대구은행 임직원들 '십만 계단 오르기' ESG 캠페인,신아일보,http://www.shinailbo.co.kr/news/articleView.html?idxno=1523342,"Step by Step’가 실시되며, 4월 DGB신용정보 및 DGB유페이 등 전 계열사로 확산해 연중 릴레이 방식으로 추진된다. 출근·점심시간 등에 직원이 오르는 계단 수를 측정하는 본 챌린지는 제1본점 내 어디에서든 계단을..."
2022.03.04.,"대구은행, 임직원 ‘십만 계단 오르기’ ESG 캠페인",시사뉴스,https://www.sisa-news.com/news/article.html?no=191321,"Step by Step’가 실시되며, 4월 DGB신용정보 및 DGB유페이 등 전 계열사로 확산해 연중 릴레이 방식으로 추진될 예정이다. 출근·점심시간 등에 직원이 오르는 계단수를 측정하는 본 챌린지는 제1본점 내 어디에서든..."
2022.03.04.,"DGB대구은행, 릴레이 '십만 계단 오르기' ESG 캠페인",내외경제tv,https://www.nbntv.co.kr/news/articleView.html?idxno=958727,"Step by Step'가 실시되며, 4월 DGB신용정보 및 DGB유페이 등 전 계열사로 확산해 연중 릴레이 방식으로 추진될 예정이다. 출근·점심시간 등에 직원이 오르는 계단수를 측정하는 본 챌린지는 제1본점 내 어디에서든..."
2022.03.04.,"DGB대구은행, '십만 계단 오르기' 캠페인",위클리오늘,http://www.weeklytoday.com/news/articleView.html?idxno=463770,"Step by Step'가 실시되며 오는 4월 DGB신용정보 및 DGB유페이 등 전 계열사로 확산해 연중 릴레이 방식으로 추진될 예정이다. DGB대구은행 관계자는 ""계단 오르기 캠페인과 지역 기부 프로그램을 연계, 연말 결과를..."
2022.03.04.,"DGB대구은행, 임직원 '십만 계단 오르기' ESG 캠페인",대한금융신문,http://www.kbanker.co.kr/news/articleView.html?idxno=203643,"Step by Step'가 실시되며, 4월 DGB신용정보 및 DGB유페이 등 전 계열사로 확산해 연중 릴레이 방식으로 추진될 예정이다. 출근·점심시간 등에 직원이 오르는 계단수를 측정하는 본 챌린지는 제1본점 내 어디에서든..."
2022.03.04.,"DGB대구은행, 임직원 ‘십만 계단 오르기’ ESG 캠페인",CNB뉴스,https://www.cnbnews.com/news/article.html?no=535490,"Step by Step’가 실시되며, 4월 DGB신용정보 및 DGB유페이 등 전 계열사로 확산해 연중 릴레이 방식으로 추진될 예정이다. 출근·점심시간 등에 직원이 오르는 계단 수를 측정하는 본 챌린지는 제1본점 내 어디에서든..."
2022.03.04.,"대구은행, 임직원 '10만 계단 오르기' ESG 캠페인 실시",아시아투데이,https://www.asiatoday.co.kr/view.php?key=20220304010002538,다음 달에도 DGB신용정보 및 DGB유페이 등 전 계열사로 확산해 연중 릴레이 방식으로 추진될 예정이다.이번 챌린지는 출근·점심시간 등에 직원이 오르는 계단수를 측정하며 제1본점 내 어디서 이동해도 집계된다....
2022.03.04.,"DGB대구은행 임직원들 ""큰 일 났네""... ESG실천 위해 '십만 계단 오르기' 도전",푸드경제신문 organiclife,https://www.foodneconomy.com/news/articleView.html?idxno=333868,"Step by Step'가 실시되며, 4월 DGB신용정보 및 DGB유페이 등 전 계열사로 확산해 연중 릴레이 방식으로 추진될 예정이다. 임성훈 은행장이 수성동 본점 로비에 설치된 페트병 수거기에 페트병을 넣고 있다. 출근..."
2022.03.04.,"DGB대구은행, 임직원 '십만 계단 오르기' ESG 캠페인",미디어펜,http://www.mediapen.com/news/view/705414,다음달에는 DGB신용정보 및 DGB유페이 등 전 계열사로 확산해 연중 릴레이 방식으로 추진될 예정이다. 출근·점심시간 등에 직원이 오르는 계단수를 측정하는 본 챌린지는 제1본점 내 어디에서든 계단으로 출발해...
2022.03.04.,"DGB대구은행, ‘십만 계단 오르기’ ESG 실천 캠페인 진행",NSP통신,http://www.nspna.com/news/?mode=view&newsid=557857,"Step by Step’가 실시되며, 4월 DGB신용정보 및 DGB유페이 등 전 계열사로 확산해 연중 릴레이 방식으로 추진될 예정이다. 출근·점심시간 등에 직원이 오르는 계단수를 측정하는 이번 챌린지는 제1본점 내 어디에서든..."
2022.03.05.,"DGB대구은행, 3월 전직원 계단 챌린지…ESG 실천 일환",아주경제,https://www.ajunews.com/view/20220304152916192,다음 달엔 DGB신용정보 및 DGB유페이 등 전 계열사로 확산해 연중 릴레이 방식으로 추진할 예정이다. 계단 오르기 챌린지는 출근·점심시간 등에 직원이 오르는 계단수를 측정하게 된다. 출입 시 계단문 카드...
2022.03.05.,"DGB대구은행, 임직원 ‘십만 계단 오르기’ ESG 캠페인",지이코노미,https://www.geconomy.co.kr/news/article.html?no=254294,"Step by Step’가 실시되며, 4월 DGB신용정보 및 DGB유페이 등 전 계열사로 확산해 연중 릴레이 방식으로 추진될 예정이다. 출근·점심시간 등에 직원이 오르는 계단수를 측정하는 본 챌린지는 제1본점 내 어디에서든..."
2022.03.06.,"금융상품·서비스 언박싱, 3월 첫째주 다시보기(하)···서비스·ESG 부문",글로벌이코노믹,http://www.g-enews.com/ko-kr/news/article/news_all/2022030518561554397c99d70e7d_1/article.html,"Step by Step’가 실시되고 있으며, 4월에는 DGB신용정보 및 DGB유페이 등 전 계열사로 확산해 연중 릴레이 방식으로 추진될 예정이다. 출근·점심시간 등에 직원이 오르는 계단수를 측정하는 본 챌린지는 제1본점 내..."
2022.03.06.,"[S-증시이슈] 우크라 사태로 널뛴 증시… '긴축 불확실성 완화, 그래도 주시'",서울와이어,http://www.seoulwire.com/news/articleView.html?idxno=463861,"DGB금융그룹 하이투자증권은 지난 25일 이사회를 열어 2000억원 규모의 신종자본 증권을 발행해 자본확충을... 이번 긴급 구호금 기부에는 KTB투자증권, 유진저축은행, KTB자산운용, KTB네트워크, KTB신용정보, KTB파트너스 등..."
2022.03.06.,"DGB대구은행, 임직원 십만 계단 오르기 ESG 캠페인 실시",대경일보,http://www.dkilbo.com/news/articleView.html?idxno=358777,지난달 금융지주 제2본점에 이어 두번째로 DGB대구은행 본점의 계단 오르기 챌린지 '2022 계단 챌린지-Go ESG Step by Step'가 실시되며 오는 4월 DGB신용정보 및 DGB유페이 등 전 계열사로 확산해 연중 릴레이 방식으로...
2022.03.06.,"DGB대구은행, 임직원 '십만 계단 오르기' ESG 캠페인 실시",경상매일신문,http://www.ksmnews.co.kr/default/index_view_page.php?idx=370331&part_idx=234,"Step by Step’가 실시되며, 4월 DGB신용정보 및 DGB유페이 등 전 계열사로 확산해 연중 릴레이 방식으로 추진될 예정이다.출근·점심시간 등에 직원이 오르는 계단수를 측정하는 챌린지는 제1본점 내 어디에서든 계단을..."
2022.03.07.,"DGB대구은행, 본사 임직원 '십만 계단 오르기' 캠페인",시장경제신문,http://www.meconomynews.com/news/articleView.html?idxno=63987,"Step by Step'가 실시되며, 4월 DGB신용정보와 DGB유페이 등 전 계열사로 확산해 연중 릴레이 방식으로 추진될 예정이다. 출근·점심시간 등에 직원이 오르는 계단수를 측정하는 본 챌린지는 제1본점 내 어디에서든..."
2022.03.07.,"DGB대구은행, 임직원 ‘십만 계단 오르기’ ESG 캠페인",매일신문,https://news.imaeil.com/page/view/2022030614450120318,"4월에는 DGB신용정보, DGB유페이 등 전 계열사로 확산해 연중 릴레이 방식으로 추진될 예정이다. 출근·점심시간 등에 직원이 오르는 계단 수를 측정하는 챌린지는 제1본점 내 어디에서든 계단을 이용해 출발해..."
2022.03.12.,"""자본시장법 지켜라""…금융권 여성 사외이사 선임 러시",아주경제,https://www.ajunews.com/view/20220310164347403,이에 우리금융·BNK금융·DGB금융·JB금융지주도 서둘러 여성 사외이사를 발탁하고 나섰다. 우리금융은... 한국신용정보원 사외이사 등을 역임하며 금융분야 ICT 부문 역량을 쌓아왔다. 금융지주는 아니지만 자산...
2022.03.17.,"[은행가소식] 우리금융, '우리 디지털 아카데미' 2기 과정 개설",아시아타임즈,https://www.asiatime.co.kr/article/20220317500370,"■ BNK금융, 캐피탈 등 계열사 CEO 후보자 확정 BNK금융지주는 캐피탈과 저축은행, 자산운용, 신용정보, 시스템... ■ 대구은행, 조건·횟수 제한없는 'DGB Z 체크카드' 출시 대구은행은 전월 실적 조건과 할인 횟수 제한없이..."
2022.03.20.,[3월 3주] 은행 적금(12개월) 최고금리 연 2.40%…우리은행 ‘WON적금’‧케이...,한국금융신문,http://www.fntimes.com/html/view.php?ud=2022032013375181068a55064dd1_18,"DGB대구은행 ‘내가만든보너스적금’은 연 2.05% 금리를 적용한다. 우대금리는 최대 0.80%p다. 비대면 채널... 개인(신용)정보 수집·이용·제공 동의 시 0.2%p, 최근3개월간 정기 예·적금 계좌 신규가 없는 경우..."
2022.03.27.,[S-금융이슈] 비대면 시대… 은행 방문 없이도 서비스 '척척',서울와이어,http://www.seoulwire.com/news/articleView.html?idxno=465677,"DGB대구은행은 스마트폰과 공인인증서만으로 복잡한 서류 제출 없이 대출 신청이 가능한 무방문 전세자금... 사진=수출입은행 제공 ◆수출입은행, ""수출실적 이관 이젠 온라인으로"" 한국수출입은행과 한국신용정보원은..."
2022.03.27.,[3월 4주] 은행 정기적금(12개월) 최고금리 연 2.40%…우리은행 ‘WON적금’‧...,한국금융신문,http://www.fntimes.com/html/view.php?ud=2022032718211624868a55064dd1_18,"DGB대구은행 ‘내가만든보너스적금’은 연 2.05% 금리를 제공해 그 뒤를 이었다. DGB대구은행... 개인(신용)정보 수집·이용·제공 동의 시 0.2%p, 최근3개월간 정기 예·적금 계좌 신규가 없는 경우(해지계좌포함) 0.2%p..."
2022.03.29.,"[이슈] '지난해 최대 실적' DGB금융, 그룹 시너지 더욱 키운다",팍스경제TV,http://www.paxetv.com/news/articleView.html?idxno=141204,"DGB금융은 현재 대구은행, 하이투자증권, DGB생명보험, DGB캐피탈, DGB자산운용, DGB유페이, DGB데이터시스템, DGB신용정보, 하이투자파트너스, 뉴지스탁의 10개 자회사를 두고 있습니다. 동남아 해외법인(라오스, 캄보디아..."
2022.03.31.,[뉴스'까'페] 대출규제 '풍선효과' 본 저축銀…바람 빠지기 전 '고삐' 바싹 ,SBS Biz,https://biz.sbs.co.kr/article_hub/20000056648?division=NAVER,"지방은행 가운데 이보다 높은 순익을 기록했거나 비슷한 곳은 BNK부산은행(4026억원)과 DGB대구은행(3300억원)... JT저축은행의 새 CSS는 머신러닝 기술을 기반으로 고객 신용정보 이외에도 통신정보, 직장 및 사업장 정보 등..."
2022.04.06.,[스페셜리포트]디지털전환 고삐 죄는 지방금융지주,전자신문,http://www.etnews.com/20220406000178,핵심 계열사인 DGB대구은행은 작년 9월 마이데이터(본인신용정보관리업) 본허가 사업자 인가를 획득하고 모바일뱅킹 앱 'IM뱅크' 경쟁력 강화에 주력하고 있다. 지난해 12월 1일 마이데이터 서비스를 선보였으며...
2022.04.11.,"박봉권·이석기 투톱, ‘관리의 교보’를 ‘투자의 교보’로",한국금융신문,http://www.fntimes.com/html/view.php?ud=202204082214545990dd55077bc2_18,신종자본증권과 DGB대구은행(은행장 임성훈)의 발행 등을 주관하면서 금융기관 자본 확충을... 박봉권·이석기 사장의 ‘투톱 체제’는 디지털 플랫폼 구축과 본인 신용 정보 관리업(마이데이터) 등 신사업...
2022.04.20.,"지방 금융지주 수장들, 비은행 사업 확장 이끈다",한스경제,http://www.sporbiz.co.kr/news/articleView.html?idxno=616343,"좌측부터 BNK금융, DGB금융, JB금융. /연합뉴스  지난해 지방 금융지주사들은 대출 증가와 금리 인상... 이에 BNK금융지주 김지완 회장은 올해 신년사를 통해 BU제도를 언급하며 BNK부산·경남은행, BNK신용정보..."
2022.04.20.,"DGB그룹, 대구 문화사업 개발 앞장",대구신문,https://www.idaegu.co.kr/news/articleView.html?idxno=379524,"DBG금융그룹은 DGB대구은행, 하이투자증권, DGB생명, DGB캐피탈, 하이자산운용, DGB유페이, DGB데이터시스템, DGB신용정보, 하이투자파트너스, 뉴지스탁의 10개 자회사를 거느린 대한민국 대표 금융그룹이다...."
2022.04.21.,DGB금융그룹 계열사 하이투자파트너스 본사 서울서 대구로 이전,영남일보,https://www.yeongnam.com/web/view.php?key=20220421010002770,대구에는 그룹 주력 계열사인 대구은행을 비롯해 하이투자파트너스·DGB유페이·DGB신용정보·DGB데이터시스템의 본사가 둥지를 트고 있다. 최수경기자 justone@yeongnam.com 기존 서울 강남지역 본사는 서울사무소로 활용...
2022.04.21.,월드오케스트라시리즈 조직위원회 - DGB금융그룹 업무협약(MOU) 체결,잡포스트,https://www.job-post.co.kr/news/articleView.html?idxno=51050,"DBG금융그룹은 DGB대구은행, 하이투자증권, DGB생명, DGB캐피탈, 하이자산운용, DGB유페이, DGB데이터시스템, DGB신용정보, 하이투자파트너스, 뉴지스탁의 10개 자회사를 거느린 대한민국 대표 금융그룹이다. DGB금융그룹은..."
2022.04.25.,"현대·KB·하나·DGB캐피탈, 오토금융 실지회복 나선다",한국금융신문,http://www.fntimes.com/html/view.php?ud=202204231701361541dd55077bc2_18,자동차 특화 마이데이터(본인신용정보관리업) 서비스 등을 강화하여 토탈 모빌리티 플랫폼으로 도약해나갈 방침이다. 하나·DGB캐피탈도 비대면 점유율 확대 나서 하나캐피탈은 지난해 중고차 거래 플랫폼...
2022.04.26.,"은행연, 국회 정무위원장 초청 은행장 간담회 개최",미디어펜,http://www.mediapen.com/news/view/719271,"임성훈 DGB대구은행장, 송종욱 광주은행장, 박우혁 제주은행장, 유명순 한국씨티은행장, 박종복 SC제일은행장... 유관기관으로는 박종규 금융연구원장, 최재영 국제금융센터 원장, 신현준 신용정보원장, 김학수..."
2022.04.28.,"[증권소식] 금융위 ""조각투자, 증권성 인정되면 자본법 적용""/한투운용 '러시...",아시아타임즈,https://www.asiatime.co.kr/article/20220428500423,신한금융투자 빅데이터챕터와 KCB 상품개발부가 금융투자정보와 신용점수 사이의 상관관계를 분석해... ◆ DGB금융그룹의 하이투자증권은 다음달 5일 어린이날 100주년을 맞아 소아암 어린이를 지원하기 위한 '히크만...
2022.04.28.,[같이경제] 데이터 산업 현황은?,KBS,https://news.kbs.co.kr/news/view.do?ncd=5451416&ref=A,"또 정보를 자신이 원하는 금융기관에 원하는만큼 제공할 수 있고 금융기관 등은 고객이 직접 제공하는 자산, 신용 정보를 바탕으로 적합한 서비스를 제공할 수 있게 됐습니다. [진건주/DGB대구은행 리테일마케팅부 : ""폭넓은..."
